name,year,tournament,rounds
Jannik Sinner,2019,Bergamo CH,"['QF', 'F']"
Jannik Sinner,2019,Alicante CH,['R64']
Jannik Sinner,2019,Ostrava CH,['F']
Jannik Sinner,2019,Rome Masters,['R64']
Jannik Sinner,2019,US Open,['R128']
Jannik Sinner,2019,St Petersburg,['R32']
Jannik Sinner,2019,Antwerp,"['R32', 'R16', 'QF', 'SF']"
Jannik Sinner,2019,Vienna,"['R32', 'R16']"
Jannik Sinner,2019,NextGen Finals,"['RR', 'SF', 'F']"
Jannik Sinner,2019,Ortisei CH,['F']
Jannik Sinner,2020,Australian Open,['R64']
Jannik Sinner,2020,Montpellier,['R32']
Jannik Sinner,2020,Marseille,['R16']
Jannik Sinner,2020,Rome Masters,['R32']
Jannik Sinner,2020,Roland Garros,"['R64', 'R32', 'R16', 'QF']"
Jannik Sinner,2020,Sofia,['F']
Jannik Sinner,2021,Great Ocean Road Open,['F']
Jannik Sinner,2021,Australian Open,['R128']
Jannik Sinner,2021,Marseille,['QF']
Jannik Sinner,2021,Dubai,['QF']
Jannik Sinner,2021,Miami Masters,"['R16', 'QF', 'SF', 'F']"
Jannik Sinner,2021,Barcelona,['QF']
Jannik Sinner,2021,Roland Garros,"['R128', 'R16']"
Jannik Sinner,2021,Washington,"['R32', 'R16', 'QF', 'SF', 'F']"
Jannik Sinner,2021,US Open,"['R32', 'R16']"
Jannik Sinner,2021,Sofia,['F']
Jannik Sinner,2021,Antwerp,"['QF', 'F']"
Jannik Sinner,2021,Vienna,"['R32', 'QF', 'SF']"
Jannik Sinner,2021,Paris Masters,['R32']
Jannik Sinner,2021,Tour Finals,"['RR', 'RR']"
Jannik Sinner,2022,ATP Cup,['RR']
Jannik Sinner,2022,Australian Open,"['R64', 'QF']"
Jannik Sinner,2022,Dubai,['QF']
Jannik Sinner,2022,Miami Masters,"['R64', 'R32', 'R16', 'QF']"
Jannik Sinner,2022,Monte Carlo Masters,"['R64', 'R32', 'R16']"
Jannik Sinner,2022,Madrid Masters,"['R64', 'R32', 'R16']"
Jannik Sinner,2022,Rome Masters,"['R64', 'QF']"
Jannik Sinner,2022,Eastbourne,['R16']
Jannik Sinner,2022,Wimbledon,"['R16', 'QF']"
Jannik Sinner,2022,Umag,"['QF', 'SF', 'F']"
Jannik Sinner,2022,Canada Masters,['R16']
Jannik Sinner,2022,Cincinnati Masters,['R16']
Jannik Sinner,2022,US Open,"['R32', 'R16', 'QF']"
Jannik Sinner,2022,Sofia,['SF']
Jannik Sinner,2022,Vienna,"['R32', 'QF']"
Jannik Sinner,2023,Adelaide,"['R16', 'QF']"
Jannik Sinner,2023,Australian Open,"['R128', 'R64', 'R32', 'R16']"
Jannik Sinner,2023,Montpellier,"['SF', 'F']"
Jannik Sinner,2023,Rotterdam,"['R16', 'QF', 'SF', 'F']"
Jannik Sinner,2023,Indian Wells Masters,"['R64', 'R32', 'SF']"
Jannik Sinner,2023,Miami Masters,"['R64', 'R32', 'R16', 'QF', 'SF', 'F']"
Jannik Sinner,2023,Monte Carlo Masters,"['R32', 'R16', 'QF', 'SF']"
Jannik Sinner,2023,Rome Masters,"['R64', 'R32', 'R16']"
Jannik Sinner,2023,Roland Garros,"['R128', 'R64']"
Jannik Sinner,2023,s Hertogenbosch,"['R16', 'QF']"
Jannik Sinner,2023,Halle,"['R32', 'R16', 'QF']"
Jannik Sinner,2023,Wimbledon,"['R128', 'R64', 'R32', 'R16', 'QF', 'SF']"
Jannik Sinner,2023,Canada Masters,"['R32', 'QF', 'SF', 'F']"
Jannik Sinner,2023,US Open,"['R32', 'R16']"
Jannik Sinner,2023,Beijing,"['SF', 'F']"
Jannik Sinner,2023,Shanghai Masters,['R32']
Jannik Sinner,2023,Vienna,"['R32', 'F']"
Jannik Sinner,2023,Paris Masters,['R32']
Jannik Sinner,2023,Tour Finals,"['RR', 'RR', 'SF', 'F']"
Jannik Sinner,2023,Davis Cup Finals,"['QF', 'RR', 'SF']"
Jannik Sinner,2024,Australian Open,"['R128', 'R64', 'R32', 'R16', 'QF', 'SF', 'F']"
Jannik Sinner,2024,Rotterdam,"['R32', 'F']"
Jannik Sinner,2024,Indian Wells Masters,"['R64', 'R32', 'R16', 'SF']"
Jannik Sinner,2024,Miami Masters,"['R64', 'R32', 'R16', 'QF', 'SF', 'F']"
Jannik Sinner,2024,Monte Carlo Masters,"['R32', 'R16', 'QF', 'SF']"
Jannik Sinner,2024,Madrid Masters,"['R64', 'R16']"
Jannik Sinner,2024,Roland Garros,"['R128', 'R64', 'R32', 'R16', 'QF', 'SF']"
Jannik Sinner,2024,Halle,"['SF', 'F']"
Jannik Sinner,2024,Wimbledon,"['R128', 'R64', 'R32', 'R16', 'QF']"
Jannik Sinner,2024,Canada Masters,"['QF', 'R16']"
Jannik Sinner,2024,Cincinnati Masters,"['R32', 'QF', 'SF', 'F']"
Jannik Sinner,2024,US Open,"['R128', 'R64', 'R32', 'R16', 'QF', 'SF', 'F']"
Jannik Sinner,2024,Beijing,"['R32', 'SF', 'F']"
Jannik Sinner,2024,Shanghai Masters,"['R16', 'QF', 'SF', 'F']"
Carlos Alcaraz,2019,Alicante CH,['R64']
Carlos Alcaraz,2019,Murcia CH,['R32']
Carlos Alcaraz,2020,Rio de Janeiro,"['R32', 'R16']"
Carlos Alcaraz,2020,Trieste CH,"['SF', 'F']"
Carlos Alcaraz,2020,Cordenons CH,['F']
Carlos Alcaraz,2020,Roland Garros,['Q1']
Carlos Alcaraz,2020,Barcelona CH,['F']
Carlos Alcaraz,2020,Alicante CH,['F']
Carlos Alcaraz,2021,Australian Open,['R128']
Carlos Alcaraz,2021,Miami Masters,['R128']
Carlos Alcaraz,2021,Madrid Masters,['R32']
Carlos Alcaraz,2021,Wimbledon,['R64']
Carlos Alcaraz,2021,Umag,"['R32', 'F']"
Carlos Alcaraz,2021,US Open,"['R32', 'R16']"
Carlos Alcaraz,2021,Indian Wells Masters,['R64']
Carlos Alcaraz,2021,Vienna,['R32']
Carlos Alcaraz,2021,Paris Masters,"['R64', 'R32', 'R16']"
Carlos Alcaraz,2021,NextGen Finals,"['RR', 'RR', 'SF', 'F']"
Carlos Alcaraz,2022,Australian Open,['R32']
Carlos Alcaraz,2022,Rio de Janeiro,"['R32', 'R16', 'QF', 'SF', 'F']"
Carlos Alcaraz,2022,Indian Wells Masters,"['R32', 'R16', 'SF']"
Carlos Alcaraz,2022,Miami Masters,"['R16', 'QF', 'SF', 'F']"
Carlos Alcaraz,2022,Monte Carlo Masters,['R32']
Carlos Alcaraz,2022,Barcelona,"['QF', 'F', 'SF']"
Carlos Alcaraz,2022,Madrid Masters,"['QF', 'SF', 'F']"
Carlos Alcaraz,2022,Roland Garros,"['QF', 'R64']"
Carlos Alcaraz,2022,Wimbledon,['R16']
Carlos Alcaraz,2022,Hamburg,"['R32', 'SF', 'F']"
Carlos Alcaraz,2022,Umag,"['SF', 'F']"
Carlos Alcaraz,2022,Canada Masters,['R32']
Carlos Alcaraz,2022,Cincinnati Masters,"['R32', 'QF']"
Carlos Alcaraz,2022,US Open,"['R32', 'R16', 'QF', 'SF', 'F']"
Carlos Alcaraz,2022,Astana,['R32']
Carlos Alcaraz,2022,Basel,"['R32', 'R16', 'SF']"
Carlos Alcaraz,2022,Paris Masters,"['R32', 'R16']"
Carlos Alcaraz,2023,Buenos Aires,"['R16', 'QF', 'SF', 'F']"
Carlos Alcaraz,2023,Rio de Janeiro,"['R32', 'SF', 'F']"
Carlos Alcaraz,2023,Indian Wells Masters,"['R64', 'R32', 'QF', 'SF', 'F']"
Carlos Alcaraz,2023,Miami Masters,"['R32', 'R16', 'QF', 'SF']"
Carlos Alcaraz,2023,Barcelona,"['SF', 'F']"
Carlos Alcaraz,2023,Madrid Masters,"['R64', 'R16', 'QF', 'SF', 'F']"
Carlos Alcaraz,2023,Rome Masters,"['R64', 'R32']"
Carlos Alcaraz,2023,Roland Garros,"['R128', 'R32', 'R16', 'QF', 'SF']"
Carlos Alcaraz,2023,Queens Club,"['R32', 'SF', 'F']"
Carlos Alcaraz,2023,Wimbledon,"['R128', 'R64', 'R32', 'R16', 'QF', 'SF', 'F']"
Carlos Alcaraz,2023,Canada Masters,"['R16', 'QF']"
Carlos Alcaraz,2023,Cincinnati Masters,"['QF', 'SF', 'F']"
Carlos Alcaraz,2023,US Open,"['R128', 'R64', 'R32', 'R16', 'QF', 'SF']"
Carlos Alcaraz,2023,Beijing,"['QF', 'SF']"
Carlos Alcaraz,2023,Shanghai Masters,['R16']
Carlos Alcaraz,2023,Paris Masters,['R32']
Carlos Alcaraz,2023,Tour Finals,"['RR', 'RR', 'RR', 'SF']"
Carlos Alcaraz,2024,Australian Open,"['R16', 'QF']"
Carlos Alcaraz,2024,Buenos Aires,"['R16', 'QF', 'SF']"
Carlos Alcaraz,2024,Indian Wells Masters,"['R64', 'R32', 'R16', 'QF', 'SF', 'F']"
Carlos Alcaraz,2024,Miami Masters,"['R64', 'R16', 'R32', 'QF']"
Carlos Alcaraz,2024,Madrid Masters,"['R64', 'QF']"
Carlos Alcaraz,2024,Roland Garros,"['R128', 'R64', 'R32', 'R16', 'QF', 'SF', 'F']"
Carlos Alcaraz,2024,Queens Club,['R16']
Carlos Alcaraz,2024,Wimbledon,"['R128', 'R32', 'R16', 'QF', 'SF', 'F']"
Carlos Alcaraz,2024,Olympics,"['R64', 'R32', 'QF', 'SF', 'F']"
Carlos Alcaraz,2024,Cincinnati Masters,['R32']
Carlos Alcaraz,2024,US Open,['R64']
Carlos Alcaraz,2024,Beijing,"['R32', 'R16', 'QF', 'SF', 'F']"
Carlos Alcaraz,2024,Shanghai Masters,"['R64', 'R16', 'QF']"
Alexander Zverev,2014,Stuttgart,['R32']
Alexander Zverev,2014,Mons CH,['QF']
Alexander Zverev,2015,Rotterdam,['R32']
Alexander Zverev,2015,Marseille,['R32']
Alexander Zverev,2015,Nottingham,['R16']
Alexander Zverev,2015,Bastad,['QF']
Alexander Zverev,2016,Hopman Cup,['RR']
Alexander Zverev,2016,Indian Wells Masters,['R32']
Alexander Zverev,2016,Miami Masters,['R128']
Alexander Zverev,2016,Monte Carlo Masters,['R32']
Alexander Zverev,2016,Rome Masters,"['R64', 'R32']"
Alexander Zverev,2016,Nice,['F']
Alexander Zverev,2016,Roland Garros,['R32']
Alexander Zverev,2016,Halle,['F']
Alexander Zverev,2016,Washington,['R32']
Alexander Zverev,2016,St Petersburg,"['R32', 'F']"
Alexander Zverev,2017,Australian Open,['R32']
Alexander Zverev,2017,Montpellier,['F']
Alexander Zverev,2017,Rotterdam,['R32']
Alexander Zverev,2017,Indian Wells Masters,"['R64', 'R32']"
Alexander Zverev,2017,Miami Masters,"['R16', 'QF']"
Alexander Zverev,2017,Monte Carlo Masters,['R16']
Alexander Zverev,2017,Munich,['F']
Alexander Zverev,2017,Madrid Masters,"['R64', 'QF']"
Alexander Zverev,2017,Rome Masters,"['SF', 'F']"
Alexander Zverev,2017,Halle,"['F', 'R32', 'SF']"
Alexander Zverev,2017,Washington,['F']
Alexander Zverev,2017,Canada Masters,"['SF', 'F']"
Alexander Zverev,2017,Shenzhen,['QF']
Alexander Zverev,2017,Beijing,"['QF', 'SF']"
Alexander Zverev,2017,Shanghai Masters,['R16']
Alexander Zverev,2017,Vienna,['R16']
Alexander Zverev,2017,Tour Finals,"['RR', 'RR']"
Alexander Zverev,2018,Hopman Cup,"['RR', 'RR', 'RR', 'F']"
Alexander Zverev,2018,Australian Open,"['R128', 'R64', 'R32']"
Alexander Zverev,2018,Davis Cup World Group R1,"['RR', 'RR']"
Alexander Zverev,2018,Rotterdam,"['R32', 'R16']"
Alexander Zverev,2018,Acapulco,"['R32', 'R16', 'QF', 'SF']"
Alexander Zverev,2018,Indian Wells Masters,['R64']
Alexander Zverev,2018,Miami Masters,"['R64', 'R32', 'R16', 'QF', 'SF', 'F']"
Alexander Zverev,2018,Davis Cup World Group QF,"['RR', 'RR']"
Alexander Zverev,2018,Monte Carlo Masters,"['R32', 'R16', 'QF', 'SF']"
Alexander Zverev,2018,Munich,"['R16', 'QF', 'SF', 'F']"
Alexander Zverev,2018,Madrid Masters,"['R32', 'R16', 'QF', 'SF', 'F']"
Alexander Zverev,2018,Rome Masters,"['R32', 'R16', 'QF', 'SF', 'F']"
Alexander Zverev,2018,Roland Garros,"['R128', 'R64', 'R32', 'R16', 'QF']"
Alexander Zverev,2018,Halle,['R32']
Alexander Zverev,2018,Wimbledon,"['R128', 'R64', 'R32']"
Alexander Zverev,2018,Washington,"['QF', 'R16', 'SF', 'F']"
Alexander Zverev,2018,Canada Masters,"['R32', 'R16', 'QF']"
Alexander Zverev,2018,Cincinnati Masters,['R32']
Alexander Zverev,2018,US Open,"['R128', 'R64', 'R32']"
Alexander Zverev,2018,Beijing,"['R32', 'R16']"
Alexander Zverev,2018,Shanghai Masters,"['R32', 'R16', 'QF', 'SF']"
Alexander Zverev,2018,Basel,"['R32', 'R16', 'QF', 'SF']"
Alexander Zverev,2018,Paris Masters,"['R32', 'R16', 'QF']"
Alexander Zverev,2018,Tour Finals,"['RR', 'RR', 'RR', 'SF', 'F']"
Alexander Zverev,2019,Australian Open,"['R128', 'R16']"
Alexander Zverev,2019,Acapulco,"['R16', 'SF', 'F']"
Alexander Zverev,2019,Indian Wells Masters,['R32']
Alexander Zverev,2019,Miami Masters,['R64']
Alexander Zverev,2019,Marrakech,['R16']
Alexander Zverev,2019,Barcelona,['R32']
Alexander Zverev,2019,Munich,['QF']
Alexander Zverev,2019,Madrid Masters,"['R32', 'R16']"
Alexander Zverev,2019,Rome Masters,['R32']
Alexander Zverev,2019,Geneva,['F']
Alexander Zverev,2019,Stuttgart,['R16']
Alexander Zverev,2019,Wimbledon,['R128']
Alexander Zverev,2019,Hamburg,['SF']
Alexander Zverev,2019,Canada Masters,"['R16', 'QF']"
Alexander Zverev,2019,Cincinnati Masters,['R32']
Alexander Zverev,2019,US Open,['R16']
Alexander Zverev,2019,Laver Cup,"['RR', 'RR']"
Alexander Zverev,2019,Beijing,"['R32', 'R16', 'QF', 'SF']"
Alexander Zverev,2019,Shanghai Masters,"['R32', 'R16', 'QF', 'SF', 'F']"
Alexander Zverev,2019,Basel,['R32']
Alexander Zverev,2019,Paris Masters,['R16']
Alexander Zverev,2019,Tour Finals,"['RR', 'RR', 'RR', 'SF']"
Alexander Zverev,2020,ATP Cup,"['RR', 'RR', 'RR']"
Alexander Zverev,2020,Australian Open,"['R32', 'R16', 'QF', 'SF']"
Alexander Zverev,2020,Acapulco,['R16']
Alexander Zverev,2020,US Open,"['QF', 'SF', 'F']"
Alexander Zverev,2020,Roland Garros,['R16']
Alexander Zverev,2020,Cologne,['F']
Alexander Zverev,2020,Cologne 2,['F']
Alexander Zverev,2020,Paris Masters,"['SF', 'F']"
Alexander Zverev,2020,Tour Finals,['RR']
Alexander Zverev,2021,ATP Cup,['SF']
Alexander Zverev,2021,Australian Open,['QF']
Alexander Zverev,2021,Rotterdam,['R32']
Alexander Zverev,2021,Acapulco,['F']
Alexander Zverev,2021,Munich,['QF']
Alexander Zverev,2021,Madrid Masters,"['QF', 'SF', 'F']"
Alexander Zverev,2021,Roland Garros,"['QF', 'SF']"
Alexander Zverev,2021,Wimbledon,['R16']
Alexander Zverev,2021,Olympics,"['QF', 'SF', 'F']"
Alexander Zverev,2021,Cincinnati Masters,"['QF', 'SF', 'F']"
Alexander Zverev,2021,US Open,"['R16', 'SF']"
Alexander Zverev,2021,Indian Wells Masters,['QF']
Alexander Zverev,2021,Vienna,['F']
Alexander Zverev,2021,Paris Masters,"['QF', 'SF']"
Alexander Zverev,2021,Tour Finals,"['RR', 'RR', 'RR', 'SF', 'F']"
Alexander Zverev,2022,Australian Open,['R16']
Alexander Zverev,2022,Montpellier,['F']
Alexander Zverev,2022,Acapulco,['R32']
Alexander Zverev,2022,Indian Wells Masters,['R64']
Alexander Zverev,2022,Miami Masters,['QF']
Alexander Zverev,2022,Monte Carlo Masters,['SF']
Alexander Zverev,2022,Munich,['R16']
Alexander Zverev,2022,Madrid Masters,"['QF', 'SF', 'F']"
Alexander Zverev,2022,Rome Masters,"['R32', 'SF']"
Alexander Zverev,2022,Roland Garros,"['R64', 'R16', 'QF', 'SF']"
Alexander Zverev,2023,Australian Open,['R128']
Alexander Zverev,2023,Dubai,['SF']
Alexander Zverev,2023,Indian Wells Masters,['R16']
Alexander Zverev,2023,Monte Carlo Masters,"['R32', 'R16']"
Alexander Zverev,2023,Madrid Masters,['R16']
Alexander Zverev,2023,Rome Masters,['R16']
Alexander Zverev,2023,Geneva,['SF']
Alexander Zverev,2023,Roland Garros,"['R32', 'R16', 'QF', 'SF']"
Alexander Zverev,2023,Halle,['SF']
Alexander Zverev,2023,Hamburg,"['SF', 'F']"
Alexander Zverev,2023,Canada Masters,['R32']
Alexander Zverev,2023,Cincinnati Masters,"['R16', 'SF']"
Alexander Zverev,2023,US Open,"['R16', 'QF']"
Alexander Zverev,2023,Chengdu,['F']
Alexander Zverev,2023,Beijing,['SF']
Alexander Zverev,2023,Vienna,['QF']
Alexander Zverev,2023,Tour Finals,"['RR', 'RR', 'RR']"
Alexander Zverev,2024,United Cup,['F']
Alexander Zverev,2024,Australian Open,"['R16', 'QF', 'SF']"
Alexander Zverev,2024,Indian Wells Masters,"['R32', 'R16', 'QF']"
Alexander Zverev,2024,Miami Masters,"['R64', 'R32', 'R16', 'QF', 'SF']"
Alexander Zverev,2024,Monte Carlo Masters,['R16']
Alexander Zverev,2024,Rome Masters,"['R16', 'QF', 'SF', 'F']"
Alexander Zverev,2024,Roland Garros,"['R128', 'R32', 'R16', 'SF', 'F']"
Alexander Zverev,2024,Halle,"['R16', 'QF', 'SF']"
Alexander Zverev,2024,Hamburg,"['QF', 'F']"
Alexander Zverev,2024,Olympics,['QF']
Alexander Zverev,2024,Canada Masters,"['R32', 'QF']"
Alexander Zverev,2024,Cincinnati Masters,"['QF', 'SF']"
Novak Djokovic,2005,Australian Open,['R128']
Novak Djokovic,2005,US Open,['R128']
Novak Djokovic,2006,Miami Masters,['R64']
Novak Djokovic,2006,Monte Carlo Masters,['R64']
Novak Djokovic,2006,Roland Garros,['QF']
Novak Djokovic,2006,Amersfoort,['F']
Novak Djokovic,2006,Davis Cup World Group PO,['RR']
Novak Djokovic,2006,Metz,['F']
Novak Djokovic,2006,Madrid Masters,['R16']
Novak Djokovic,2007,Adelaide,['F']
Novak Djokovic,2007,Australian Open,"['R128', 'R16']"
Novak Djokovic,2007,Dubai,['QF']
Novak Djokovic,2007,Indian Wells Masters,"['SF', 'F']"
Novak Djokovic,2007,Miami Masters,"['F', 'QF', 'SF']"
Novak Djokovic,2007,Estoril,['F']
Novak Djokovic,2007,Rome Masters,['QF']
Novak Djokovic,2007,Roland Garros,['SF']
Novak Djokovic,2007,Wimbledon,"['R16', 'SF']"
Novak Djokovic,2007,Canada Masters,"['F', 'SF']"
Novak Djokovic,2007,US Open,"['SF', 'F']"
Novak Djokovic,2007,Vienna,['F']
Novak Djokovic,2007,Madrid Masters,['SF']
Novak Djokovic,2007,Masters Cup,['RR']
Novak Djokovic,2007,Tour Finals,['RR']
Novak Djokovic,2008,Australian Open,"['R128', 'F', 'SF']"
Novak Djokovic,2008,Dubai,['QF']
Novak Djokovic,2008,Indian Wells Masters,"['SF', 'F']"
Novak Djokovic,2008,Monte Carlo Masters,"['R16', 'SF']"
Novak Djokovic,2008,Rome Masters,"['SF', 'F']"
Novak Djokovic,2008,Hamburg Masters,['SF']
Novak Djokovic,2008,Roland Garros,['SF']
Novak Djokovic,2008,Queens Club,['F']
Novak Djokovic,2008,Wimbledon,['R64']
Novak Djokovic,2008,Canada Masters,['QF']
Novak Djokovic,2008,Cincinnati Masters,"['SF', 'F']"
Novak Djokovic,2008,Olympics,"['QF', 'SF', 'BR']"
Novak Djokovic,2008,US Open,['SF']
Novak Djokovic,2008,Bangkok,['F']
Novak Djokovic,2008,Tour Finals,"['SF', 'F']"
Novak Djokovic,2009,Australian Open,['QF']
Novak Djokovic,2009,Dubai,['F']
Novak Djokovic,2009,Davis Cup World Group R1,"['RR', 'RR']"
Novak Djokovic,2009,Miami Masters,"['SF', 'F']"
Novak Djokovic,2009,Monte Carlo Masters,"['SF', 'F']"
Novak Djokovic,2009,Rome Masters,"['QF', 'SF', 'F']"
Novak Djokovic,2009,Belgrade,['F']
Novak Djokovic,2009,Madrid Masters,['SF']
Novak Djokovic,2009,Halle,['F']
Novak Djokovic,2009,Wimbledon,['QF']
Novak Djokovic,2009,Cincinnati Masters,"['F', 'SF']"
Novak Djokovic,2009,US Open,['SF']
Novak Djokovic,2009,Beijing,['F']
Novak Djokovic,2009,Shanghai Masters,['SF']
Novak Djokovic,2009,Basel,['F']
Novak Djokovic,2009,Paris Masters,"['SF', 'F']"
Novak Djokovic,2009,Tour Finals,"['RR', 'RR', 'RR']"
Novak Djokovic,2010,Australian Open,['QF']
Novak Djokovic,2010,Dubai,['F']
Novak Djokovic,2010,Monte Carlo Masters,['SF']
Novak Djokovic,2010,Wimbledon,"['R128', 'SF']"
Novak Djokovic,2010,Canada Masters,['SF']
Novak Djokovic,2010,Cincinnati Masters,['QF']
Novak Djokovic,2010,US Open,"['SF', 'R32', 'QF', 'F']"
Novak Djokovic,2010,Beijing,['F']
Novak Djokovic,2010,Shanghai Masters,['SF']
Novak Djokovic,2010,Basel,['F']
Novak Djokovic,2010,Tour Finals,"['RR', 'RR', 'RR', 'SF']"
Novak Djokovic,2011,Australian Open,"['QF', 'SF', 'F']"
Novak Djokovic,2011,Dubai,['F']
Novak Djokovic,2011,Indian Wells Masters,"['QF', 'F', 'SF']"
Novak Djokovic,2011,Miami Masters,"['SF', 'F']"
Novak Djokovic,2011,Belgrade,['F']
Novak Djokovic,2011,Madrid Masters,"['R32', 'SF', 'F']"
Novak Djokovic,2011,Rome Masters,"['F', 'SF']"
Novak Djokovic,2011,Roland Garros,['SF']
Novak Djokovic,2011,Wimbledon,"['SF', 'F']"
Novak Djokovic,2011,Canada Masters,"['SF', 'F']"
Novak Djokovic,2011,Cincinnati Masters,"['SF', 'F']"
Novak Djokovic,2011,US Open,"['R64', 'SF', 'F']"
Novak Djokovic,2011,Tour Finals,"['RR', 'RR']"
Novak Djokovic,2012,Australian Open,"['R16', 'QF', 'SF', 'F']"
Novak Djokovic,2012,Dubai,['SF']
Novak Djokovic,2012,Indian Wells Masters,"['QF', 'SF']"
Novak Djokovic,2012,Miami Masters,"['QF', 'SF', 'F']"
Novak Djokovic,2012,Monte Carlo Masters,"['R32', 'R16', 'SF', 'F']"
Novak Djokovic,2012,Madrid Masters,['R32']
Novak Djokovic,2012,Rome Masters,"['QF', 'F', 'SF']"
Novak Djokovic,2012,Roland Garros,"['F', 'SF']"
Novak Djokovic,2012,Wimbledon,['SF']
Novak Djokovic,2012,Olympics,"['R64', 'R32', 'R16', 'QF', 'SF', 'BR']"
Novak Djokovic,2012,Canada Masters,"['F', 'SF']"
Novak Djokovic,2012,Cincinnati Masters,"['F', 'SF']"
Novak Djokovic,2012,US Open,"['QF', 'F', 'SF']"
Novak Djokovic,2012,Beijing,['F']
Novak Djokovic,2012,Shanghai Masters,"['F', 'R32', 'SF']"
Novak Djokovic,2012,Paris Masters,['R32']
Novak Djokovic,2012,Tour Finals,"['RR', 'SF', 'F']"
Novak Djokovic,2013,Australian Open,"['QF', 'R128', 'R32', 'R16', 'SF', 'F']"
Novak Djokovic,2013,Davis Cup World Group F,['RR']
Novak Djokovic,2013,Dubai,"['R32', 'R16', 'F']"
Novak Djokovic,2013,Indian Wells Masters,"['R32', 'SF']"
Novak Djokovic,2013,Miami Masters,"['R64', 'R32', 'R16']"
Novak Djokovic,2013,Monte Carlo Masters,"['F', 'SF']"
Novak Djokovic,2013,Roland Garros,['SF']
Novak Djokovic,2013,Wimbledon,"['SF', 'F']"
Novak Djokovic,2013,Canada Masters,"['R32', 'SF', 'QF']"
Novak Djokovic,2013,Cincinnati Masters,['R16']
Novak Djokovic,2013,US Open,"['R128', 'SF', 'F']"
Novak Djokovic,2013,Beijing,['F']
Novak Djokovic,2013,Shanghai Masters,"['R32', 'SF', 'F']"
Novak Djokovic,2013,Paris Masters,"['R16', 'QF', 'SF', 'F']"
Novak Djokovic,2013,Tour Finals,"['RR', 'RR', 'RR', 'SF', 'F']"
Novak Djokovic,2014,Australian Open,"['R64', 'QF']"
Novak Djokovic,2014,Dubai,['SF']
Novak Djokovic,2014,Indian Wells Masters,"['SF', 'F']"
Novak Djokovic,2014,Miami Masters,"['QF', 'F']"
Novak Djokovic,2014,Monte Carlo Masters,['SF']
Novak Djokovic,2014,Rome Masters,"['SF', 'F']"
Novak Djokovic,2014,Roland Garros,"['SF', 'F']"
Novak Djokovic,2014,Wimbledon,"['R64', 'QF', 'SF', 'F']"
Novak Djokovic,2014,Canada Masters,['R16']
Novak Djokovic,2014,US Open,"['QF', 'SF']"
Novak Djokovic,2014,Beijing,"['SF', 'F']"
Novak Djokovic,2014,Shanghai Masters,"['R32', 'SF']"
Novak Djokovic,2014,Paris Masters,"['QF', 'R16', 'SF', 'F']"
Novak Djokovic,2014,Tour Finals,"['RR', 'RR', 'SF']"
Novak Djokovic,2015,Doha,['R32']
Novak Djokovic,2015,Australian Open,"['R32', 'QF', 'R16', 'SF', 'F']"
Novak Djokovic,2015,Dubai,"['QF', 'F']"
Novak Djokovic,2015,Indian Wells Masters,"['R32', 'SF', 'F']"
Novak Djokovic,2015,Miami Masters,"['SF', 'F']"
Novak Djokovic,2015,Monte Carlo Masters,"['SF', 'F']"
Novak Djokovic,2015,Rome Masters,"['QF', 'SF', 'F']"
Novak Djokovic,2015,Roland Garros,"['QF', 'SF', 'F']"
Novak Djokovic,2015,Wimbledon,"['QF', 'SF', 'F']"
Novak Djokovic,2015,Canada Masters,"['R32', 'R16', 'QF', 'SF', 'F']"
Novak Djokovic,2015,Cincinnati Masters,"['SF', 'F']"
Novak Djokovic,2015,US Open,"['R16', 'QF', 'SF', 'F']"
Novak Djokovic,2015,Beijing,"['R32', 'R16', 'QF', 'SF', 'F']"
Novak Djokovic,2015,Shanghai Masters,"['R32', 'R16', 'QF', 'SF', 'F']"
Novak Djokovic,2015,Paris Masters,"['R16', 'R32', 'QF', 'SF', 'F']"
Novak Djokovic,2015,Tour Finals,"['RR', 'RR', 'RR', 'SF', 'F']"
Novak Djokovic,2016,Doha,"['R32', 'QF', 'SF', 'F']"
Novak Djokovic,2016,Australian Open,"['R16', 'QF', 'SF', 'F']"
Novak Djokovic,2016,Indian Wells Masters,"['SF', 'F']"
Novak Djokovic,2016,Miami Masters,"['SF', 'F']"
Novak Djokovic,2016,Monte Carlo Masters,['R32']
Novak Djokovic,2016,Madrid Masters,"['R32', 'QF', 'SF', 'F']"
Novak Djokovic,2016,Rome Masters,"['QF', 'SF', 'F']"
Novak Djokovic,2016,Roland Garros,"['SF', 'F']"
Novak Djokovic,2016,Wimbledon,['R32']
Novak Djokovic,2016,Canada Masters,"['SF', 'F']"
Novak Djokovic,2016,Olympics,['R64']
Novak Djokovic,2016,US Open,"['R128', 'SF', 'F']"
Novak Djokovic,2016,Shanghai Masters,['SF']
Novak Djokovic,2016,Tour Finals,"['RR', 'RR', 'RR', 'SF', 'F']"
Novak Djokovic,2017,Doha,['F']
Novak Djokovic,2017,Australian Open,"['R128', 'R64']"
Novak Djokovic,2017,Acapulco,"['R16', 'QF']"
Novak Djokovic,2017,Indian Wells Masters,"['R32', 'R16']"
Novak Djokovic,2017,Monte Carlo Masters,"['R32', 'R16', 'QF']"
Novak Djokovic,2017,Madrid Masters,['SF']
Novak Djokovic,2017,Rome Masters,"['SF', 'F']"
Novak Djokovic,2017,Roland Garros,"['R32', 'QF']"
Novak Djokovic,2017,Eastbourne,"['SF', 'F']"
Novak Djokovic,2018,Australian Open,"['R64', 'R32']"
Novak Djokovic,2018,Monte Carlo Masters,"['R64', 'R32', 'R16']"
Novak Djokovic,2018,Rome Masters,['SF']
Novak Djokovic,2018,Roland Garros,"['R64', 'QF']"
Novak Djokovic,2018,Queens Club,"['R16', 'QF', 'F']"
Novak Djokovic,2018,Wimbledon,"['QF', 'SF', 'F']"
Novak Djokovic,2018,Canada Masters,['R16']
Novak Djokovic,2018,Cincinnati Masters,"['SF', 'F']"
Novak Djokovic,2018,US Open,"['QF', 'SF', 'F']"
Novak Djokovic,2018,Shanghai Masters,"['SF', 'F']"
Novak Djokovic,2018,Paris Masters,"['SF', 'F']"
Novak Djokovic,2018,Tour Finals,"['RR', 'RR', 'SF', 'F']"
Novak Djokovic,2019,Doha,"['QF', 'SF']"
Novak Djokovic,2019,Australian Open,"['R32', 'R16', 'QF', 'SF', 'F']"
Novak Djokovic,2019,Indian Wells Masters,['R32']
Novak Djokovic,2019,Monte Carlo Masters,['QF']
Novak Djokovic,2019,Madrid Masters,"['SF', 'F']"
Novak Djokovic,2019,Rome Masters,"['QF', 'SF', 'F']"
Novak Djokovic,2019,Roland Garros,"['R128', 'SF']"
Novak Djokovic,2019,Wimbledon,"['R128', 'R64', 'R32', 'R16', 'QF', 'SF', 'F']"
Novak Djokovic,2019,Cincinnati Masters,['SF']
Novak Djokovic,2019,US Open,['R16']
Novak Djokovic,2019,Tokyo,['F']
Novak Djokovic,2019,Shanghai Masters,"['R32', 'QF']"
Novak Djokovic,2019,Paris Masters,"['QF', 'SF', 'F']"
Novak Djokovic,2019,Tour Finals,"['RR', 'RR', 'RR']"
Novak Djokovic,2020,ATP Cup,"['SF', 'F']"
Novak Djokovic,2020,Australian Open,"['R16', 'QF', 'SF', 'F']"
Novak Djokovic,2020,Dubai,"['SF', 'F']"
Novak Djokovic,2020,Cincinnati Masters,"['SF', 'F']"
Novak Djokovic,2020,US Open,['R32']
Novak Djokovic,2020,Rome Masters,"['SF', 'F']"
Novak Djokovic,2020,Roland Garros,"['QF', 'SF', 'F']"
Novak Djokovic,2020,Vienna,['QF']
Novak Djokovic,2020,Tour Finals,"['RR', 'SF']"
Novak Djokovic,2021,Australian Open,"['R64', 'R32', 'R16', 'QF', 'SF', 'F']"
Novak Djokovic,2021,Monte Carlo Masters,['R16']
Novak Djokovic,2021,Belgrade,['SF']
Novak Djokovic,2021,Rome Masters,"['SF', 'F']"
Novak Djokovic,2021,Belgrade 2,['F']
Novak Djokovic,2021,Roland Garros,"['QF', 'SF', 'F']"
Novak Djokovic,2021,Wimbledon,"['QF', 'SF', 'F']"
Novak Djokovic,2021,Tokyo Olympics,"['R64', 'R32', 'R16']"
Novak Djokovic,2021,Olympics,"['QF', 'SF', 'BR']"
Novak Djokovic,2021,US Open,"['R64', 'R32', 'R16', 'QF', 'SF', 'F']"
Novak Djokovic,2021,Paris Masters,"['QF', 'SF', 'F']"
Novak Djokovic,2021,Tour Finals,"['RR', 'RR', 'SF']"
Novak Djokovic,2022,Monte Carlo Masters,['R32']
Novak Djokovic,2022,Belgrade,['F']
Novak Djokovic,2022,Madrid Masters,"['R32', 'QF', 'SF']"
Novak Djokovic,2022,Rome Masters,"['R32', 'R16', 'QF', 'SF', 'F']"
Novak Djokovic,2022,Roland Garros,['QF']
Novak Djokovic,2022,Wimbledon,"['R16', 'QF', 'SF', 'F']"
Novak Djokovic,2022,Laver Cup,['RR']
Novak Djokovic,2022,Tel Aviv,"['SF', 'F']"
Novak Djokovic,2022,Astana,"['R16', 'SF', 'F']"
Novak Djokovic,2022,Paris Masters,"['R32', 'SF', 'F']"
Novak Djokovic,2022,Tour Finals,"['RR', 'RR', 'RR', 'SF', 'F']"
Novak Djokovic,2023,Adelaide,"['R16', 'SF', 'F']"
Novak Djokovic,2023,Australian Open,"['R128', 'R64', 'R32', 'R16', 'QF', 'SF', 'F']"
Novak Djokovic,2023,Dubai,"['R32', 'R16', 'QF', 'SF']"
Novak Djokovic,2023,Monte Carlo Masters,['R16']
Novak Djokovic,2023,Banja Luka,['QF']
Novak Djokovic,2023,Rome Masters,"['R64', 'QF']"
Novak Djokovic,2023,Roland Garros,"['R64', 'R32', 'R16', 'QF', 'SF', 'F']"
Novak Djokovic,2023,Wimbledon,"['R16', 'SF', 'F']"
Novak Djokovic,2023,Cincinnati Masters,"['R16', 'QF', 'SF', 'F']"
Novak Djokovic,2023,US Open,"['R128', 'R64', 'R32', 'R16', 'QF', 'SF', 'F']"
Novak Djokovic,2023,Paris Masters,"['R32', 'QF', 'SF', 'F']"
Novak Djokovic,2023,Tour Finals,"['RR', 'RR', 'RR', 'SF', 'F']"
Novak Djokovic,2023,Davis Cup Finals,['SF']
Novak Djokovic,2024,United Cup,"['RR', 'RR', 'QF']"
Novak Djokovic,2024,Australian Open,"['R128', 'R64', 'R16', 'QF', 'SF']"
Novak Djokovic,2024,Indian Wells Masters,"['R64', 'R32']"
Novak Djokovic,2024,Monte Carlo Masters,"['R32', 'R16', 'QF', 'SF']"
Novak Djokovic,2024,Rome Masters,"['R64', 'R32']"
Novak Djokovic,2024,Geneva,['QF']
Novak Djokovic,2024,Roland Garros,"['R128', 'R64', 'R32', 'R16']"
Novak Djokovic,2024,Wimbledon,"['R128', 'R32', 'R16', 'SF', 'F']"
Novak Djokovic,2024,Olympics,"['R64', 'R32', 'R16', 'QF', 'SF', 'F']"
Novak Djokovic,2024,US Open,"['R128', 'R64', 'R32']"
Novak Djokovic,2024,Shanghai Masters,"['R32', 'R16', 'SF', 'F']"
Daniil Medvedev,2016,Kazan CH,['QF']
Daniil Medvedev,2016,Ilkley CH,['R16']
Daniil Medvedev,2016,Hamburg,['R16']
Daniil Medvedev,2016,Orleans CH,['R16']
Daniil Medvedev,2017,Chennai,"['SF', 'F']"
Daniil Medvedev,2017,Montpellier,['QF']
Daniil Medvedev,2017,Marseille,['QF']
Daniil Medvedev,2017,Queens Club,['QF']
Daniil Medvedev,2017,Eastbourne,['SF']
Daniil Medvedev,2018,Sydney,['F']
Daniil Medvedev,2018,Miami Masters,['R64']
Daniil Medvedev,2018,Monte Carlo Masters,['R32']
Daniil Medvedev,2018,Canada Masters,['R16']
Daniil Medvedev,2018,Winston Salem,['F']
Daniil Medvedev,2018,US Open,['R32']
Daniil Medvedev,2018,Tokyo,['F']
Daniil Medvedev,2018,Shanghai Masters,['R32']
Daniil Medvedev,2018,Moscow,"['R16', 'QF', 'SF']"
Daniil Medvedev,2018,Paris Masters,['R32']
Daniil Medvedev,2019,Brisbane,"['R16', 'QF', 'F']"
Daniil Medvedev,2019,Australian Open,"['R32', 'R16']"
Daniil Medvedev,2019,Sofia,"['SF', 'F']"
Daniil Medvedev,2019,Rotterdam,"['R16', 'QF', 'SF']"
Daniil Medvedev,2019,Indian Wells Masters,['R32']
Daniil Medvedev,2019,Miami Masters,['R16']
Daniil Medvedev,2019,Monte Carlo Masters,"['R64', 'R16', 'QF', 'SF']"
Daniil Medvedev,2019,Barcelona,"['QF', 'SF', 'F']"
Daniil Medvedev,2019,Rome Masters,['R64']
Daniil Medvedev,2019,Queens Club,"['R32', 'SF']"
Daniil Medvedev,2019,Wimbledon,"['R128', 'R32']"
Daniil Medvedev,2019,Washington,"['SF', 'F']"
Daniil Medvedev,2019,Canada Masters,"['QF', 'SF', 'F']"
Daniil Medvedev,2019,Cincinnati Masters,"['R64', 'R32', 'SF', 'F']"
Daniil Medvedev,2019,US Open,"['R64', 'R32', 'QF', 'SF', 'F']"
Daniil Medvedev,2019,St Petersburg,"['R16', 'QF', 'SF', 'F']"
Daniil Medvedev,2019,Shanghai Masters,"['R32', 'QF', 'SF', 'F']"
Daniil Medvedev,2019,Tour Finals,"['RR', 'RR', 'RR']"
Daniil Medvedev,2020,ATP Cup,"['QF', 'SF']"
Daniil Medvedev,2020,Australian Open,"['R32', 'R16']"
Daniil Medvedev,2020,Marseille,"['R16', 'QF']"
Daniil Medvedev,2020,US Open,"['R32', 'R16', 'QF', 'SF']"
Daniil Medvedev,2020,Roland Garros,['R128']
Daniil Medvedev,2020,St Petersburg,['R16']
Daniil Medvedev,2020,Paris Masters,"['QF', 'SF', 'F']"
Daniil Medvedev,2020,Tour Finals,"['RR', 'RR', 'SF', 'F']"
Daniil Medvedev,2021,ATP Cup,"['SF', 'F']"
Daniil Medvedev,2021,Australian Open,"['R128', 'R64', 'R32', 'R16', 'QF', 'SF', 'F']"
Daniil Medvedev,2021,Marseille,"['QF', 'F']"
Daniil Medvedev,2021,Miami Masters,['R16']
Daniil Medvedev,2021,Roland Garros,['QF']
Daniil Medvedev,2021,Mallorca,['F']
Daniil Medvedev,2021,Wimbledon,"['R64', 'R16']"
Daniil Medvedev,2021,Olympics,['R64']
Daniil Medvedev,2021,Tokyo Olympics,['QF']
Daniil Medvedev,2021,Canada Masters,"['QF', 'F', 'SF']"
Daniil Medvedev,2021,Cincinnati Masters,"['QF', 'SF']"
Daniil Medvedev,2021,US Open,"['R128', 'R32', 'R16', 'QF', 'SF', 'F']"
Daniil Medvedev,2021,Indian Wells Masters,['R16']
Daniil Medvedev,2021,Paris Masters,"['SF', 'F']"
Daniil Medvedev,2021,Tour Finals,"['RR', 'RR', 'RR', 'SF', 'F']"
Daniil Medvedev,2022,ATP Cup,['RR']
Daniil Medvedev,2022,Australian Open,"['R128', 'R64', 'R32', 'R16', 'QF', 'SF', 'F']"
Daniil Medvedev,2022,Acapulco,"['R32', 'QF', 'R16', 'SF']"
Daniil Medvedev,2022,Indian Wells Masters,['R32']
Daniil Medvedev,2022,Miami Masters,"['R64', 'R16', 'QF']"
Daniil Medvedev,2022,Roland Garros,"['R64', 'R32', 'R16']"
Daniil Medvedev,2022,s Hertogenbosch,"['R16', 'F']"
Daniil Medvedev,2022,Halle,"['R32', 'QF', 'F']"
Daniil Medvedev,2022,Los Cabos,"['R16', 'F']"
Daniil Medvedev,2022,Canada Masters,['R32']
Daniil Medvedev,2022,Cincinnati Masters,"['R32', 'R16', 'QF', 'SF']"
Daniil Medvedev,2022,US Open,['R16']
Daniil Medvedev,2022,Metz,['R16']
Daniil Medvedev,2022,Astana,"['QF', 'SF']"
Daniil Medvedev,2022,Vienna,"['R32', 'R16', 'QF', 'SF', 'F']"
Daniil Medvedev,2022,Paris Masters,['R32']
Daniil Medvedev,2022,Tour Finals,"['RR', 'RR', 'RR']"
Daniil Medvedev,2023,Adelaide,"['R32', 'R16', 'QF', 'SF']"
Daniil Medvedev,2023,Australian Open,"['R128', 'R64', 'R32']"
Daniil Medvedev,2023,Rotterdam,"['R32', 'R16', 'QF', 'SF', 'F']"
Daniil Medvedev,2023,Doha,"['R16', 'QF', 'SF', 'F']"
Daniil Medvedev,2023,Dubai,"['R32', 'R16', 'QF', 'SF', 'F']"
Daniil Medvedev,2023,Indian Wells Masters,"['R64', 'R32', 'QF', 'R16', 'SF', 'F']"
Daniil Medvedev,2023,Miami Masters,"['R64', 'R16', 'QF', 'SF', 'F']"
Daniil Medvedev,2023,Monte Carlo Masters,"['R32', 'R16', 'QF']"
Daniil Medvedev,2023,Madrid Masters,"['R64', 'R32', 'R16']"
Daniil Medvedev,2023,Rome Masters,"['R64', 'R32', 'R16', 'QF', 'SF', 'F']"
Daniil Medvedev,2023,Roland Garros,['R128']
Daniil Medvedev,2023,s Hertogenbosch,['R16']
Daniil Medvedev,2023,Halle,"['R32', 'R16', 'QF']"
Daniil Medvedev,2023,Wimbledon,"['R128', 'R64', 'R32', 'R16', 'QF', 'SF']"
Daniil Medvedev,2023,Canada Masters,"['R32', 'R16', 'QF']"
Daniil Medvedev,2023,Cincinnati Masters,"['R32', 'R16']"
Daniil Medvedev,2023,US Open,"['R128', 'R64', 'R32', 'R16', 'QF', 'SF', 'F']"
Daniil Medvedev,2023,Beijing,"['R32', 'R16', 'QF', 'SF', 'F']"
Daniil Medvedev,2023,Shanghai Masters,"['R64', 'R32']"
Daniil Medvedev,2023,Vienna,"['R32', 'R16', 'QF', 'SF', 'F']"
Daniil Medvedev,2023,Paris Masters,['R32']
Daniil Medvedev,2023,Tour Finals,"['RR', 'RR', 'RR', 'SF']"
Daniil Medvedev,2024,Australian Open,"['R64', 'R32', 'R16', 'QF', 'SF', 'F']"
Daniil Medvedev,2024,Dubai,"['R32', 'QF', 'SF']"
Daniil Medvedev,2024,Indian Wells Masters,"['R32', 'R16', 'SF', 'F', 'R64']"
Daniil Medvedev,2024,Miami Masters,"['R64', 'QF', 'SF']"
Daniil Medvedev,2024,Monte Carlo Masters,['R32']
Daniil Medvedev,2024,Wimbledon,"['R16', 'QF', 'SF']"
Daniil Medvedev,2024,Olympics,['R32']
Daniil Medvedev,2024,Canada Masters,['R32']
Daniil Medvedev,2024,Cincinnati Masters,['R32']
Daniil Medvedev,2024,US Open,"['R64', 'R32', 'R16', 'QF']"
Daniil Medvedev,2024,Beijing,"['R32', 'SF']"
Daniil Medvedev,2024,Shanghai Masters,['QF']
Taylor Fritz,2015,Sacramento CH,['F']
Taylor Fritz,2015,Champaign CH,"['QF', 'R16']"
Taylor Fritz,2016,Memphis,"['SF', 'F']"
Taylor Fritz,2016,Halle,['R16']
Taylor Fritz,2016,Washington,"['R64', 'R32']"
Taylor Fritz,2017,Acapulco,['R32']
Taylor Fritz,2018,Wimbledon,['R64']
Taylor Fritz,2018,Basel,['QF']
Taylor Fritz,2019,Australian Open,['R128']
Taylor Fritz,2019,Newport Beach CH,['F']
Taylor Fritz,2019,Indian Wells Masters,['R128']
Taylor Fritz,2019,Eastbourne,"['QF', 'SF', 'F']"
Taylor Fritz,2019,Atlanta,['F']
Taylor Fritz,2019,Los Cabos,"['SF', 'F']"
Taylor Fritz,2019,Canada Masters,['R64']
Taylor Fritz,2019,Laver Cup,"['RR', 'RR']"
Taylor Fritz,2019,Basel,"['R32', 'R16']"
Taylor Fritz,2020,ATP Cup,['RR']
Taylor Fritz,2020,Australian Open,"['R128', 'R32']"
Taylor Fritz,2020,Acapulco,['F']
Taylor Fritz,2020,US Open,['R32']
Taylor Fritz,2020,Roland Garros,['R32']
Taylor Fritz,2021,Australian Open,['R32']
Taylor Fritz,2021,Dubai,['R16']
Taylor Fritz,2021,Monte Carlo Masters,['R64']
Taylor Fritz,2021,Wimbledon,['R128']
Taylor Fritz,2021,US Open,['R64']
Taylor Fritz,2021,Indian Wells Masters,"['R32', 'QF', 'SF']"
Taylor Fritz,2021,St Petersburg,"['QF', 'F']"
Taylor Fritz,2021,Paris Masters,"['R32', 'QF']"
Taylor Fritz,2022,Australian Open,['R16']
Taylor Fritz,2022,Acapulco,['R32']
Taylor Fritz,2022,Indian Wells Masters,"['SF', 'F']"
Taylor Fritz,2022,Miami Masters,['R32']
Taylor Fritz,2022,Monte Carlo Masters,['R16']
Taylor Fritz,2022,s Hertogenbosch,['R16']
Taylor Fritz,2022,Eastbourne,"['QF', 'SF', 'F']"
Taylor Fritz,2022,Wimbledon,"['R64', 'QF']"
Taylor Fritz,2022,Cincinnati Masters,"['R64', 'QF']"
Taylor Fritz,2022,US Open,['R128']
Taylor Fritz,2022,Tokyo,"['SF', 'F']"
Taylor Fritz,2022,Vienna,['R16']
Taylor Fritz,2022,Paris Masters,['R32']
Taylor Fritz,2022,Tour Finals,"['RR', 'RR', 'RR', 'SF']"
Taylor Fritz,2023,United Cup,['SF']
Taylor Fritz,2023,Australian Open,['R64']
Taylor Fritz,2023,Dallas,['SF']
Taylor Fritz,2023,Delray Beach,"['QF', 'F']"
Taylor Fritz,2023,Acapulco,['SF']
Taylor Fritz,2023,Indian Wells Masters,['R64']
Taylor Fritz,2023,Miami Masters,"['R32', 'R16', 'QF']"
Taylor Fritz,2023,Monte Carlo Masters,"['QF', 'SF']"
Taylor Fritz,2023,Munich,['SF']
Taylor Fritz,2023,Madrid Masters,['R16']
Taylor Fritz,2023,Roland Garros,"['R64', 'R32']"
Taylor Fritz,2023,Atlanta,['F']
Taylor Fritz,2023,Washington,['SF']
Taylor Fritz,2023,Cincinnati Masters,['QF']
Taylor Fritz,2023,US Open,"['R16', 'QF']"
Taylor Fritz,2023,Basel,['R32']
Taylor Fritz,2023,Paris Masters,['R64']
Taylor Fritz,2024,United Cup,['RR']
Taylor Fritz,2024,Australian Open,"['R16', 'QF']"
Taylor Fritz,2024,Delray Beach,['F']
Taylor Fritz,2024,Indian Wells Masters,"['R64', 'R32', 'R16']"
Taylor Fritz,2024,Miami Masters,['R64']
Taylor Fritz,2024,Monte Carlo Masters,['R64']
Taylor Fritz,2024,Munich,['F']
Taylor Fritz,2024,Madrid Masters,"['R64', 'R32', 'R16', 'QF', 'SF']"
Taylor Fritz,2024,Rome Masters,['QF']
Taylor Fritz,2024,Eastbourne,['F']
Taylor Fritz,2024,Wimbledon,['QF']
Taylor Fritz,2024,Canada Masters,['R64']
Taylor Fritz,2024,US Open,"['R64', 'R16', 'SF', 'F']"
Taylor Fritz,2024,Shanghai Masters,"['R16', 'QF', 'SF']"
Andrey Rublev,2015,Delray Beach,['R32']
Andrey Rublev,2015,Barcelona,['R64']
Andrey Rublev,2017,Quimper CH,['R32']
Andrey Rublev,2017,Halle,['QF']
Andrey Rublev,2017,Umag,"['QF', 'F']"
Andrey Rublev,2017,US Open,['R16']
Andrey Rublev,2017,Beijing,['QF']
Andrey Rublev,2017,Shanghai Masters,['R32']
Andrey Rublev,2017,NextGen Finals,['F']
Andrey Rublev,2018,Doha,['F']
Andrey Rublev,2018,Monte Carlo Masters,['R32']
Andrey Rublev,2018,Washington,['SF']
Andrey Rublev,2019,Doha,['R16']
Andrey Rublev,2019,Australian Open,['R128']
Andrey Rublev,2019,Indian Wells Masters,['R64']
Andrey Rublev,2019,Miami Masters,['R64']
Andrey Rublev,2019,Monte Carlo Masters,['R64']
Andrey Rublev,2019,Umag,['R32']
Andrey Rublev,2019,Hamburg,"['R32', 'QF', 'F']"
Andrey Rublev,2019,Cincinnati Masters,['R16']
Andrey Rublev,2019,US Open,['R128']
Andrey Rublev,2019,St Petersburg,['QF']
Andrey Rublev,2019,Beijing,['R32']
Andrey Rublev,2019,Shanghai Masters,['R16']
Andrey Rublev,2019,Moscow,['F']
Andrey Rublev,2019,Davis Cup Finals,['RR']
Andrey Rublev,2020,Doha,"['SF', 'F']"
Andrey Rublev,2020,Adelaide,"['SF', 'F']"
Andrey Rublev,2020,Australian Open,"['R128', 'R16']"
Andrey Rublev,2020,Rotterdam,"['R32', 'QF']"
Andrey Rublev,2020,Dubai,['QF']
Andrey Rublev,2020,US Open,"['R128', 'R64', 'R16', 'QF']"
Andrey Rublev,2020,Rome Masters,['R32']
Andrey Rublev,2020,Hamburg,['F']
Andrey Rublev,2020,Roland Garros,"['R64', 'QF']"
Andrey Rublev,2020,St Petersburg,"['R32', 'F']"
Andrey Rublev,2020,Vienna,['F']
Andrey Rublev,2020,Tour Finals,"['RR', 'RR']"
Andrey Rublev,2021,ATP Cup,['F']
Andrey Rublev,2021,Australian Open,"['R32', 'QF']"
Andrey Rublev,2021,Rotterdam,"['R16', 'SF', 'F']"
Andrey Rublev,2021,Doha,['SF']
Andrey Rublev,2021,Dubai,"['R16', 'SF']"
Andrey Rublev,2021,Miami Masters,"['R64', 'R32', 'R16', 'QF', 'SF']"
Andrey Rublev,2021,Monte Carlo Masters,"['QF', 'SF', 'F']"
Andrey Rublev,2021,Barcelona,['QF']
Andrey Rublev,2021,Rome Masters,['R16']
Andrey Rublev,2021,Halle,['F']
Andrey Rublev,2021,Canada Masters,['R16']
Andrey Rublev,2021,Cincinnati Masters,"['QF', 'SF', 'F']"
Andrey Rublev,2021,US Open,['R128']
Andrey Rublev,2021,Paris Masters,['R32']
Andrey Rublev,2021,Tour Finals,"['RR', 'RR', 'RR']"
Andrey Rublev,2022,Australian Open,['R32']
Andrey Rublev,2022,Rotterdam,"['QF', 'SF']"
Andrey Rublev,2022,Marseille,"['SF', 'F']"
Andrey Rublev,2022,Dubai,"['SF', 'F']"
Andrey Rublev,2022,Indian Wells Masters,"['R16', 'R32', 'QF', 'SF']"
Andrey Rublev,2022,Miami Masters,['R64']
Andrey Rublev,2022,Monte Carlo Masters,"['R32', 'R16']"
Andrey Rublev,2022,Belgrade,"['SF', 'F']"
Andrey Rublev,2022,Rome Masters,['R32']
Andrey Rublev,2022,Roland Garros,['QF']
Andrey Rublev,2022,Halle,['R32']
Andrey Rublev,2022,Bastad,['SF']
Andrey Rublev,2022,Hamburg,['R16']
Andrey Rublev,2022,Washington,"['R16', 'SF']"
Andrey Rublev,2022,US Open,"['R32', 'R16', 'QF']"
Andrey Rublev,2022,Astana,['QF']
Andrey Rublev,2022,Gijon,"['SF', 'F']"
Andrey Rublev,2022,Vienna,['R16']
Andrey Rublev,2022,Paris Masters,"['R32', 'R16']"
Andrey Rublev,2022,Tour Finals,"['RR', 'RR', 'RR', 'SF']"
Andrey Rublev,2023,Adelaide,['R32']
Andrey Rublev,2023,Australian Open,"['R128', 'R64', 'R16', 'QF']"
Andrey Rublev,2023,Rotterdam,['R32']
Andrey Rublev,2023,Dubai,"['R16', 'SF', 'F']"
Andrey Rublev,2023,Indian Wells Masters,['R64']
Andrey Rublev,2023,Miami Masters,"['R32', 'R16']"
Andrey Rublev,2023,Monte Carlo Masters,"['SF', 'F']"
Andrey Rublev,2023,Banja Luka,['F']
Andrey Rublev,2023,Madrid Masters,['R64']
Andrey Rublev,2023,Rome Masters,['R32']
Andrey Rublev,2023,Halle,['F']
Andrey Rublev,2023,Wimbledon,['R128']
Andrey Rublev,2023,Bastad,['F']
Andrey Rublev,2023,Hamburg,['R16']
Andrey Rublev,2023,Cincinnati Masters,['R32']
Andrey Rublev,2023,US Open,['QF']
Andrey Rublev,2023,Shanghai Masters,"['R64', 'R32', 'QF', 'SF', 'F']"
Andrey Rublev,2023,Vienna,"['R16', 'QF']"
Andrey Rublev,2023,Paris Masters,"['R32', 'R16', 'SF']"
Andrey Rublev,2023,Tour Finals,"['RR', 'RR', 'RR']"
Andrey Rublev,2024,Hong Kong,"['QF', 'F']"
Andrey Rublev,2024,Australian Open,"['R128', 'R64', 'R16', 'QF']"
Andrey Rublev,2024,Rotterdam,"['R32', 'R16', 'QF']"
Andrey Rublev,2024,Doha,"['R16', 'QF']"
Andrey Rublev,2024,Dubai,"['R16', 'SF']"
Andrey Rublev,2024,Indian Wells Masters,"['R64', 'R32']"
Andrey Rublev,2024,Miami Masters,['R64']
Andrey Rublev,2024,Madrid Masters,"['R16', 'QF', 'SF', 'F']"
Andrey Rublev,2024,Roland Garros,"['R64', 'R32']"
Andrey Rublev,2024,Wimbledon,['R128']
Andrey Rublev,2024,Washington,['R16']
Andrey Rublev,2024,Canada Masters,"['QF', 'R16', 'SF', 'F']"
Andrey Rublev,2024,Cincinnati Masters,"['R32', 'QF']"
Andrey Rublev,2024,US Open,"['R32', 'R16']"
Andrey Rublev,2024,Beijing,['R32']
Andrey Rublev,2024,Stockholm,"['R16', 'QF']"
Andrey Rublev,2024,Basel,['R32']
Casper Ruud,2016,Finland F1,['F']
Casper Ruud,2016,Seville CH,"['QF', 'SF', 'F']"
Casper Ruud,2016,Szczecin CH,"['R32', 'R16']"
Casper Ruud,2017,Australian Open,"['Q2', 'Q3']"
Casper Ruud,2017,Budapest CH,['R32']
Casper Ruud,2017,Rio de Janeiro,"['R32', 'R16', 'QF', 'SF']"
Casper Ruud,2017,Sao Paulo,['R32']
Casper Ruud,2017,Roland Garros,['Q2']
Casper Ruud,2017,Lyon CH,['QF']
Casper Ruud,2017,Washington,['R64']
Casper Ruud,2018,Francavilla Al Mare CH,['R16']
Casper Ruud,2019,Rio de Janeiro,['QF']
Casper Ruud,2019,Sao Paulo,"['QF', 'SF']"
Casper Ruud,2019,Houston,['F']
Casper Ruud,2019,Rome Masters,['R16']
Casper Ruud,2019,Roland Garros,['R64']
Casper Ruud,2019,Hamburg,['R32']
Casper Ruud,2019,NextGen Finals,['RR']
Casper Ruud,2020,ATP Cup,['RR']
Casper Ruud,2020,Australian Open,['R128']
Casper Ruud,2020,Buenos Aires,"['SF', 'F']"
Casper Ruud,2020,Santiago,"['R16', 'SF', 'F']"
Casper Ruud,2020,US Open,['R32']
Casper Ruud,2020,Rome Masters,"['QF', 'SF']"
Casper Ruud,2021,Acapulco,['R32']
Casper Ruud,2021,Monte Carlo Masters,"['R32', 'SF']"
Casper Ruud,2021,Madrid Masters,"['R64', 'R32', 'QF', 'SF', 'R16']"
Casper Ruud,2021,Geneva,['F']
Casper Ruud,2021,Roland Garros,['R32']
Casper Ruud,2021,Bastad,['F']
Casper Ruud,2021,Gstaad,"['QF', 'F']"
Casper Ruud,2021,Kitzbuhel,['F']
Casper Ruud,2021,Canada Masters,['R16']
Casper Ruud,2021,Cincinnati Masters,"['R16', 'QF']"
Casper Ruud,2021,US Open,['R64']
Casper Ruud,2021,San Diego,['F']
Casper Ruud,2021,Vienna,['QF']
Casper Ruud,2021,Paris Masters,"['R32', 'R16', 'QF']"
Casper Ruud,2021,Tour Finals,"['RR', 'RR', 'RR', 'SF']"
Casper Ruud,2022,Buenos Aires,['F']
Casper Ruud,2022,Indian Wells Masters,['R32']
Casper Ruud,2022,Miami Masters,"['R32', 'QF', 'SF', 'F']"
Casper Ruud,2022,Monte Carlo Masters,"['R32', 'R16']"
Casper Ruud,2022,Barcelona,['R32']
Casper Ruud,2022,Munich,"['R16', 'QF']"
Casper Ruud,2022,Rome Masters,"['R32', 'R16', 'QF', 'SF']"
Casper Ruud,2022,Geneva,"['R16', 'F', 'SF']"
Casper Ruud,2022,Roland Garros,"['R128', 'R16', 'QF', 'SF', 'F']"
Casper Ruud,2022,Gstaad,"['R16', 'QF', 'SF', 'F']"
Casper Ruud,2022,Canada Masters,"['QF', 'SF']"
Casper Ruud,2022,Cincinnati Masters,['R32']
Casper Ruud,2022,US Open,"['R64', 'R32', 'R16', 'QF', 'SF', 'F']"
Casper Ruud,2022,Seoul,"['R16', 'QF']"
Casper Ruud,2022,Basel,['R32']
Casper Ruud,2022,Paris Masters,"['R32', 'R16']"
Casper Ruud,2022,Tour Finals,"['RR', 'RR', 'RR', 'SF', 'F']"
Casper Ruud,2023,United Cup,['RR']
Casper Ruud,2023,Auckland,['R16']
Casper Ruud,2023,Australian Open,"['R128', 'R64']"
Casper Ruud,2023,Indian Wells Masters,['R64']
Casper Ruud,2023,Miami Masters,"['R64', 'R32']"
Casper Ruud,2023,Estoril,"['SF', 'F']"
Casper Ruud,2023,Monte Carlo Masters,['R32']
Casper Ruud,2023,Rome Masters,"['R64', 'R16', 'SF']"
Casper Ruud,2023,Roland Garros,"['R16', 'QF', 'SF', 'F']"
Casper Ruud,2023,Wimbledon,['R128']
Casper Ruud,2023,Bastad,"['R16', 'QF', 'SF', 'F']"
Casper Ruud,2023,Hamburg,['QF']
Casper Ruud,2023,Cincinnati Masters,['R32']
Casper Ruud,2023,US Open,"['R128', 'R64']"
Casper Ruud,2023,Beijing,"['R32', 'QF']"
Casper Ruud,2023,Shanghai Masters,"['R64', 'R32', 'R16']"
Casper Ruud,2023,Paris Masters,['R32']
Casper Ruud,2024,United Cup,"['RR', 'QF']"
Casper Ruud,2024,Australian Open,['R32']
Casper Ruud,2024,Los Cabos,"['QF', 'SF', 'F']"
Casper Ruud,2024,Acapulco,"['R32', 'F']"
Casper Ruud,2024,Indian Wells Masters,"['R32', 'QF']"
Casper Ruud,2024,Miami Masters,"['R64', 'R16']"
Casper Ruud,2024,Estoril,"['QF', 'SF']"
Casper Ruud,2024,Monte Carlo Masters,"['R32', 'R16', 'QF', 'SF', 'F']"
Casper Ruud,2024,Barcelona,"['R32', 'R16', 'F']"
Casper Ruud,2024,Geneva,['F']
Casper Ruud,2024,Roland Garros,"['R64', 'SF']"
Casper Ruud,2024,Olympics,['R16']
Casper Ruud,2024,US Open,"['R128', 'R16']"
Grigor Dimitrov,2011,Shanghai Masters,['R32']
Grigor Dimitrov,2011,Stockholm,['QF']
Grigor Dimitrov,2012,Miami Masters,['R32']
Grigor Dimitrov,2012,Shanghai Masters,['R32']
Grigor Dimitrov,2013,Brisbane,['F']
Grigor Dimitrov,2013,Indian Wells Masters,['R32']
Grigor Dimitrov,2013,Miami Masters,['R32']
Grigor Dimitrov,2013,Madrid Masters,['R16']
Grigor Dimitrov,2013,Stockholm,['F']
Grigor Dimitrov,2013,Basel,['QF']
Grigor Dimitrov,2014,Brisbane,"['R32', 'R16']"
Grigor Dimitrov,2014,Australian Open,['QF']
Grigor Dimitrov,2014,Acapulco,['F']
Grigor Dimitrov,2014,Bucharest,['F']
Grigor Dimitrov,2014,Rome Masters,['SF']
Grigor Dimitrov,2014,Queens Club,"['R32', 'SF', 'F']"
Grigor Dimitrov,2014,Wimbledon,"['R32', 'QF', 'SF']"
Grigor Dimitrov,2014,Canada Masters,['SF']
Grigor Dimitrov,2014,Stockholm,['QF']
Grigor Dimitrov,2014,Stockholm Masters,['F']
Grigor Dimitrov,2014,Basel,['QF']
Grigor Dimitrov,2014,Paris Masters,['R16']
Grigor Dimitrov,2015,Australian Open,['R16']
Grigor Dimitrov,2015,Rotterdam,"['R32', 'R16']"
Grigor Dimitrov,2015,Monte Carlo Masters,['QF']
Grigor Dimitrov,2015,Istanbul,['SF']
Grigor Dimitrov,2015,Madrid Masters,['R16']
Grigor Dimitrov,2015,Washington,"['R32', 'R16']"
Grigor Dimitrov,2015,Basel,"['R32', 'R16']"
Grigor Dimitrov,2016,Brisbane,['QF']
Grigor Dimitrov,2016,Sydney,['F']
Grigor Dimitrov,2016,Australian Open,['R32']
Grigor Dimitrov,2016,Istanbul,['F']
Grigor Dimitrov,2016,Rome Masters,['R64']
Grigor Dimitrov,2016,Washington,['R32']
Grigor Dimitrov,2016,Cincinnati Masters,['SF']
Grigor Dimitrov,2016,Beijing,['F']
Grigor Dimitrov,2017,Brisbane,['F']
Grigor Dimitrov,2017,Australian Open,"['QF', 'SF']"
Grigor Dimitrov,2017,Sofia,['F']
Grigor Dimitrov,2017,Indian Wells Masters,['R32']
Grigor Dimitrov,2017,Madrid Masters,['R16']
Grigor Dimitrov,2017,Queens Club,"['QF', 'SF']"
Grigor Dimitrov,2017,Wimbledon,['R16']
Grigor Dimitrov,2017,Cincinnati Masters,"['SF', 'F']"
Grigor Dimitrov,2017,Beijing,['R32']
Grigor Dimitrov,2017,Stockholm,"['SF', 'F']"
Grigor Dimitrov,2017,Paris Masters,['R32']
Grigor Dimitrov,2017,Tour Finals,"['RR', 'RR', 'RR', 'SF', 'F']"
Grigor Dimitrov,2018,Brisbane,['SF']
Grigor Dimitrov,2018,Australian Open,"['R64', 'R16', 'QF']"
Grigor Dimitrov,2018,Rotterdam,['F']
Grigor Dimitrov,2018,Dubai,['R32']
Grigor Dimitrov,2018,Monte Carlo Masters,"['QF', 'SF']"
Grigor Dimitrov,2018,Barcelona,['QF']
Grigor Dimitrov,2018,Madrid Masters,['R32']
Grigor Dimitrov,2018,Rome Masters,['R32']
Grigor Dimitrov,2018,Queens Club,['R16']
Grigor Dimitrov,2018,Beijing,['R16']
Grigor Dimitrov,2019,Brisbane,"['R16', 'QF']"
Grigor Dimitrov,2019,Australian Open,['R16']
Grigor Dimitrov,2019,Miami Masters,['R32']
Grigor Dimitrov,2019,Rome Masters,['R64']
Grigor Dimitrov,2019,Roland Garros,['R128']
Grigor Dimitrov,2019,Cincinnati Masters,['R64']
Grigor Dimitrov,2019,US Open,"['R16', 'QF', 'SF']"
Grigor Dimitrov,2019,Beijing,['R32']
Grigor Dimitrov,2019,Paris Masters,"['R16', 'QF', 'SF']"
Grigor Dimitrov,2020,Australian Open,['R64']
Grigor Dimitrov,2020,Rotterdam,['R32']
Grigor Dimitrov,2020,Acapulco,['SF']
Grigor Dimitrov,2021,Australian Open,['QF']
Grigor Dimitrov,2021,Acapulco,"['R16', 'QF']"
Grigor Dimitrov,2021,Rome Masters,['R64']
Grigor Dimitrov,2021,Canada Masters,['R32']
Grigor Dimitrov,2021,Indian Wells Masters,"['R32', 'R16', 'QF', 'SF']"
Grigor Dimitrov,2022,Melbourne,"['QF', 'SF']"
Grigor Dimitrov,2022,Acapulco,['R32']
Grigor Dimitrov,2022,Indian Wells Masters,"['R16', 'R32', 'QF']"
Grigor Dimitrov,2022,Monte Carlo Masters,"['R16', 'QF', 'SF']"
Grigor Dimitrov,2022,Madrid Masters,"['R64', 'R32']"
Grigor Dimitrov,2022,Rome Masters,['R64']
Grigor Dimitrov,2022,Washington,['R32']
Grigor Dimitrov,2022,Cincinnati Masters,['R64']
Grigor Dimitrov,2022,Winston Salem,['R32']
Grigor Dimitrov,2022,US Open,['R128']
Grigor Dimitrov,2022,Vienna,"['R32', 'R16', 'SF']"
Grigor Dimitrov,2022,Paris Masters,['R16']
Grigor Dimitrov,2023,Australian Open,['R32']
Grigor Dimitrov,2023,Rotterdam,"['R32', 'R16', 'QF', 'SF']"
Grigor Dimitrov,2023,Miami Masters,"['R64', 'R32']"
Grigor Dimitrov,2023,Geneva,['F']
Grigor Dimitrov,2023,Roland Garros,['R16']
Grigor Dimitrov,2023,Queens Club,['R32']
Grigor Dimitrov,2023,Wimbledon,['R128']
Grigor Dimitrov,2023,US Open,['R128']
Grigor Dimitrov,2023,Beijing,['R16']
Grigor Dimitrov,2023,Shanghai Masters,"['R32', 'R16', 'QF', 'SF']"
Grigor Dimitrov,2023,Vienna,['R16']
Grigor Dimitrov,2023,Paris Masters,"['R32', 'R16', 'QF', 'SF', 'F']"
Grigor Dimitrov,2024,Brisbane,"['QF', 'F']"
Grigor Dimitrov,2024,Australian Open,['R32']
Grigor Dimitrov,2024,Marseille,['F']
Grigor Dimitrov,2024,Rotterdam,['SF']
Grigor Dimitrov,2024,Indian Wells Masters,"['R64', 'R32', 'R16']"
Grigor Dimitrov,2024,Miami Masters,"['R32', 'R16', 'QF', 'SF', 'F']"
Grigor Dimitrov,2024,Monte Carlo Masters,['R16']
Grigor Dimitrov,2024,Roland Garros,"['R16', 'QF']"
Grigor Dimitrov,2024,Queens Club,"['R32', 'R16']"
Grigor Dimitrov,2024,Wimbledon,"['R32', 'R16']"
Grigor Dimitrov,2024,US Open,"['R128', 'R32', 'R16', 'QF']"
Grigor Dimitrov,2024,Stockholm,['F']
Alex De Minaur,2016,Wimbledon Juniors,['F']
Alex De Minaur,2017,Segovia CH,['R16']
Alex De Minaur,2018,Brisbane,['R32']
Alex De Minaur,2018,Sydney,['F']
Alex De Minaur,2018,Davis Cup World Group R1,['RR']
Alex De Minaur,2018,Indian Wells Masters,['R64']
Alex De Minaur,2018,Alicante CH,['F']
Alex De Minaur,2018,Surbiton CH,['SF']
Alex De Minaur,2018,Washington,"['R16', 'SF', 'F']"
Alex De Minaur,2018,US Open,"['R64', 'R32']"
Alex De Minaur,2018,Shenzhen,"['QF', 'SF']"
Alex De Minaur,2018,Tokyo,"['R32', 'R16']"
Alex De Minaur,2018,Shanghai Masters,['R16']
Alex De Minaur,2018,Stockholm,['R32']
Alex De Minaur,2018,NextGen Finals,['F']
Alex De Minaur,2019,Brisbane,['QF']
Alex De Minaur,2019,Sydney,['F']
Alex De Minaur,2019,Indian Wells Masters,['R64']
Alex De Minaur,2019,Atlanta,"['SF', 'F']"
Alex De Minaur,2019,Cincinnati Masters,['R16']
Alex De Minaur,2019,US Open,"['R64', 'R16']"
Alex De Minaur,2019,Zhuhai,"['R16', 'SF', 'F']"
Alex De Minaur,2019,Shanghai Masters,['R64']
Alex De Minaur,2019,Basel,"['R16', 'F']"
Alex De Minaur,2019,NextGen Finals,"['RR', 'RR', 'RR', 'SF', 'F']"
Alex De Minaur,2020,ATP Cup,"['RR', 'RR', 'QF']"
Alex De Minaur,2020,Acapulco,['R32']
Alex De Minaur,2020,US Open,"['R16', 'QF']"
Alex De Minaur,2020,Roland Garros,['R128']
Alex De Minaur,2020,Antwerp,['F']
Alex De Minaur,2020,Sofia,['R16']
Alex De Minaur,2021,Antalya,['F']
Alex De Minaur,2021,Rotterdam,['R16']
Alex De Minaur,2021,Madrid Masters,['R16']
Alex De Minaur,2021,Eastbourne,['F']
Alex De Minaur,2021,Canada Masters,['R32']
Alex De Minaur,2021,Cincinnati Masters,['R32']
Alex De Minaur,2021,Davis Cup Finals,['RR']
Alex De Minaur,2022,Australian Open,['R128']
Alex De Minaur,2022,Monte Carlo Masters,['R32']
Alex De Minaur,2022,Barcelona,['SF']
Alex De Minaur,2022,Madrid Masters,['R32']
Alex De Minaur,2022,Queens Club,['R32']
Alex De Minaur,2022,Eastbourne,['SF']
Alex De Minaur,2022,Wimbledon,['R16']
Alex De Minaur,2022,Atlanta,['F']
Alex De Minaur,2022,Washington,['R32']
Alex De Minaur,2022,Canada Masters,['R16']
Alex De Minaur,2022,Paris Masters,"['R64', 'R32']"
Alex De Minaur,2022,Davis Cup Finals,['QF']
Alex De Minaur,2023,Australian Open,"['R128', 'R64', 'R16']"
Alex De Minaur,2023,Rotterdam,"['R32', 'QF']"
Alex De Minaur,2023,Acapulco,"['SF', 'F']"
Alex De Minaur,2023,Monte Carlo Masters,['R32']
Alex De Minaur,2023,Queens Club,['F']
Alex De Minaur,2023,Los Cabos,"['QF', 'F']"
Alex De Minaur,2023,Canada Masters,"['QF', 'SF', 'F']"
Alex De Minaur,2023,US Open,"['R32', 'R16']"
Alex De Minaur,2023,Beijing,"['R32', 'R16']"
Alex De Minaur,2023,Shanghai Masters,['R64']
Alex De Minaur,2023,Paris Masters,['R64']
Alex De Minaur,2023,Davis Cup Finals,['RR']
Alex De Minaur,2024,United Cup,"['RR', 'RR', 'QF']"
Alex De Minaur,2024,Australian Open,"['R64', 'R16']"
Alex De Minaur,2024,Rotterdam,"['R32', 'QF', 'SF', 'F']"
Alex De Minaur,2024,Los Cabos,['R16']
Alex De Minaur,2024,Acapulco,"['QF', 'F']"
Alex De Minaur,2024,Indian Wells Masters,['R16']
Alex De Minaur,2024,Miami Masters,['R16']
Alex De Minaur,2024,Monte Carlo Masters,"['R64', 'R16', 'QF']"
Alex De Minaur,2024,Barcelona,['R16']
Alex De Minaur,2024,Rome Masters,['R16']
Alex De Minaur,2024,s Hertogenbosch,"['SF', 'F']"
Alex De Minaur,2024,Queens Club,['R32']
Alex De Minaur,2024,US Open,"['R128', 'R64']"
Stefanos Tsitsipas,2016,Wimbledon Juniors,['SF']
Stefanos Tsitsipas,2016,Mohammedia CH,['F']
Stefanos Tsitsipas,2017,Quimper CH,['R32']
Stefanos Tsitsipas,2017,Roland Garros,['Q2']
Stefanos Tsitsipas,2017,Antwerp,"['QF', 'SF']"
Stefanos Tsitsipas,2018,Doha,['QF']
Stefanos Tsitsipas,2018,Monte Carlo Masters,['R32']
Stefanos Tsitsipas,2018,Barcelona,"['SF', 'F']"
Stefanos Tsitsipas,2018,Estoril,['SF']
Stefanos Tsitsipas,2018,Rome Masters,['R32']
Stefanos Tsitsipas,2018,s Hertogenbosch,['R16']
Stefanos Tsitsipas,2018,Halle,"['R32', 'R16']"
Stefanos Tsitsipas,2018,Washington,['SF']
Stefanos Tsitsipas,2018,Canada Masters,"['R16', 'QF', 'SF', 'F']"
Stefanos Tsitsipas,2018,Tokyo,['R16']
Stefanos Tsitsipas,2018,Stockholm,['F']
Stefanos Tsitsipas,2018,NextGen Finals,"['RR', 'F']"
Stefanos Tsitsipas,2019,Hopman Cup,['RR']
Stefanos Tsitsipas,2019,Sydney,['QF']
Stefanos Tsitsipas,2019,Australian Open,"['R128', 'R32', 'R16', 'QF', 'SF']"
Stefanos Tsitsipas,2019,Sofia,"['R16', 'QF']"
Stefanos Tsitsipas,2019,Rotterdam,['R32']
Stefanos Tsitsipas,2019,Marseille,"['R16', 'SF', 'F']"
Stefanos Tsitsipas,2019,Dubai,"['QF', 'SF', 'F']"
Stefanos Tsitsipas,2019,Indian Wells Masters,['R64']
Stefanos Tsitsipas,2019,Monte Carlo Masters,['R16']
Stefanos Tsitsipas,2019,Estoril,['F']
Stefanos Tsitsipas,2019,Madrid Masters,"['SF', 'F']"
Stefanos Tsitsipas,2019,Rome Masters,['SF']
Stefanos Tsitsipas,2019,Roland Garros,"['R64', 'R16']"
Stefanos Tsitsipas,2019,Queens Club,['QF']
Stefanos Tsitsipas,2019,Wimbledon,['R128']
Stefanos Tsitsipas,2019,Washington,"['R32', 'R16', 'SF']"
Stefanos Tsitsipas,2019,Canada Masters,['R32']
Stefanos Tsitsipas,2019,US Open,['R128']
Stefanos Tsitsipas,2019,Laver Cup,['RR']
Stefanos Tsitsipas,2019,Beijing,"['R32', 'QF', 'SF', 'F']"
Stefanos Tsitsipas,2019,Shanghai Masters,"['R32', 'R16', 'QF', 'SF']"
Stefanos Tsitsipas,2019,Basel,['SF']
Stefanos Tsitsipas,2019,Paris Masters,['QF']
Stefanos Tsitsipas,2019,Tour Finals,"['RR', 'RR', 'RR', 'SF', 'F']"
Stefanos Tsitsipas,2020,ATP Cup,"['RR', 'RR', 'RR']"
Stefanos Tsitsipas,2020,Australian Open,['R32']
Stefanos Tsitsipas,2020,Rotterdam,['R32']
Stefanos Tsitsipas,2020,Marseille,['F']
Stefanos Tsitsipas,2020,Dubai,"['SF', 'F']"
Stefanos Tsitsipas,2020,Cincinnati Masters,['SF']
Stefanos Tsitsipas,2020,US Open,"['R64', 'R32']"
Stefanos Tsitsipas,2020,Rome Masters,['R32']
Stefanos Tsitsipas,2020,Hamburg,['F']
Stefanos Tsitsipas,2020,Roland Garros,"['QF', 'SF']"
Stefanos Tsitsipas,2021,Australian Open,"['R64', 'QF', 'SF']"
Stefanos Tsitsipas,2021,Rotterdam,"['R16', 'SF']"
Stefanos Tsitsipas,2021,Acapulco,"['R32', 'R16', 'F', 'SF']"
Stefanos Tsitsipas,2021,Miami Masters,['QF']
Stefanos Tsitsipas,2021,Monte Carlo Masters,"['SF', 'F']"
Stefanos Tsitsipas,2021,Barcelona,['F']
Stefanos Tsitsipas,2021,Lyon,"['SF', 'F']"
Stefanos Tsitsipas,2021,Madrid Masters,['R16']
Stefanos Tsitsipas,2021,Roland Garros,"['QF', 'SF', 'F']"
Stefanos Tsitsipas,2021,Canada Masters,['SF']
Stefanos Tsitsipas,2021,Cincinnati Masters,['SF']
Stefanos Tsitsipas,2021,US Open,"['R128', 'R32']"
Stefanos Tsitsipas,2021,Tour Finals,['RR']
Stefanos Tsitsipas,2022,ATP Cup,['RR']
Stefanos Tsitsipas,2022,Australian Open,"['R16', 'QF', 'SF']"
Stefanos Tsitsipas,2022,Rotterdam,['F']
Stefanos Tsitsipas,2022,Acapulco,['SF']
Stefanos Tsitsipas,2022,Indian Wells Masters,['R32']
Stefanos Tsitsipas,2022,Miami Masters,['R16']
Stefanos Tsitsipas,2022,Monte Carlo Masters,"['QF', 'SF', 'F']"
Stefanos Tsitsipas,2022,Barcelona,['QF']
Stefanos Tsitsipas,2022,Madrid Masters,['SF']
Stefanos Tsitsipas,2022,Rome Masters,"['QF', 'SF', 'F']"
Stefanos Tsitsipas,2022,Roland Garros,"['R128', 'R64', 'R16']"
Stefanos Tsitsipas,2022,Stuttgart,['QF']
Stefanos Tsitsipas,2022,Halle,['R16']
Stefanos Tsitsipas,2022,Mallorca,['F']
Stefanos Tsitsipas,2022,Wimbledon,['R32']
Stefanos Tsitsipas,2022,Canada Masters,['R32']
Stefanos Tsitsipas,2022,Cincinnati Masters,"['QF', 'SF', 'F']"
Stefanos Tsitsipas,2022,Astana,"['R16', 'QF', 'F']"
Stefanos Tsitsipas,2022,Stockholm,"['QF', 'SF', 'F']"
Stefanos Tsitsipas,2022,Paris Masters,"['R16', 'QF', 'SF']"
Stefanos Tsitsipas,2022,Tour Finals,"['RR', 'RR', 'RR']"
Stefanos Tsitsipas,2023,Australian Open,"['R128', 'R64', 'R32', 'R16', 'QF', 'SF', 'F']"
Stefanos Tsitsipas,2023,Rotterdam,['R16']
Stefanos Tsitsipas,2023,Indian Wells Masters,['R64']
Stefanos Tsitsipas,2023,Miami Masters,['R16']
Stefanos Tsitsipas,2023,Monte Carlo Masters,"['R16', 'QF']"
Stefanos Tsitsipas,2023,Barcelona,"['SF', 'F']"
Stefanos Tsitsipas,2023,Madrid Masters,"['R64', 'QF']"
Stefanos Tsitsipas,2023,Rome Masters,"['R64', 'SF']"
Stefanos Tsitsipas,2023,Roland Garros,['QF']
Stefanos Tsitsipas,2023,Stuttgart,['R16']
Stefanos Tsitsipas,2023,Halle,['R16']
Stefanos Tsitsipas,2023,Mallorca,['R16']
Stefanos Tsitsipas,2023,Wimbledon,"['R128', 'R64']"
Stefanos Tsitsipas,2023,Los Cabos,['F']
Stefanos Tsitsipas,2023,Canada Masters,['R32']
Stefanos Tsitsipas,2023,Cincinnati Masters,['R16']
Stefanos Tsitsipas,2023,US Open,"['R128', 'R64']"
Stefanos Tsitsipas,2023,Beijing,['R32']
Stefanos Tsitsipas,2023,Vienna,"['R32', 'QF', 'SF']"
Stefanos Tsitsipas,2023,Paris Masters,['SF']
Stefanos Tsitsipas,2023,Tour Finals,['RR']
Stefanos Tsitsipas,2024,Australian Open,"['R128', 'R16']"
Stefanos Tsitsipas,2024,Los Cabos,['SF']
Stefanos Tsitsipas,2024,Acapulco,"['R32', 'QF']"
Stefanos Tsitsipas,2024,Indian Wells Masters,"['R32', 'R16']"
Stefanos Tsitsipas,2024,Monte Carlo Masters,"['R32', 'R16', 'QF', 'SF', 'F']"
Stefanos Tsitsipas,2024,Barcelona,"['R32', 'F']"
Stefanos Tsitsipas,2024,Rome Masters,"['R16', 'QF']"
Stefanos Tsitsipas,2024,Roland Garros,"['R128', 'R32', 'QF']"
Stefanos Tsitsipas,2024,Halle,['R16']
Stefanos Tsitsipas,2024,Gstaad,['QF']
Stefanos Tsitsipas,2024,Paris Olympics,['R16']
Stefanos Tsitsipas,2024,Olympics,['QF']
Stefanos Tsitsipas,2024,Canada Masters,['R32']
Stefanos Tsitsipas,2024,Tokyo,['R32']
Stefanos Tsitsipas,2024,Antwerp,['QF']
Tommy Paul,2016,Miami Masters,['R128']
Tommy Paul,2016,Charlottesville CH,['R32']
Tommy Paul,2017,Washington,['R64']
Tommy Paul,2019,Washington,['R32']
Tommy Paul,2019,Canada Masters,['R32']
Tommy Paul,2020,Adelaide,['SF']
Tommy Paul,2020,Australian Open,['R64']
Tommy Paul,2020,Acapulco,"['QF', 'R16']"
Tommy Paul,2020,Paris Masters,['R64']
Tommy Paul,2021,Paris Masters,['R32']
Tommy Paul,2021,Stockholm,"['R32', 'F']"
Tommy Paul,2022,Indian Wells Masters,['R64']
Tommy Paul,2022,Miami Masters,['R32']
Tommy Paul,2022,Houston,['R16']
Tommy Paul,2022,Madrid Masters,['R64']
Tommy Paul,2022,Queens Club,"['R16', 'QF']"
Tommy Paul,2022,Eastbourne,['R16']
Tommy Paul,2022,Washington,['R32']
Tommy Paul,2022,Canada Masters,"['R32', 'R16']"
Tommy Paul,2022,Cincinnati Masters,['R64']
Tommy Paul,2022,US Open,"['R64', 'R32']"
Tommy Paul,2022,Gijon,['R32']
Tommy Paul,2022,Paris Masters,"['R32', 'R16', 'QF']"
Tommy Paul,2023,Australian Open,"['R128', 'R16', 'QF', 'SF']"
Tommy Paul,2023,Acapulco,"['SF', 'F']"
Tommy Paul,2023,Indian Wells Masters,"['R32', 'R16']"
Tommy Paul,2023,Miami Masters,"['R64', 'R16']"
Tommy Paul,2023,Aix En Provence CH,['F']
Tommy Paul,2023,Roland Garros,['R64']
Tommy Paul,2023,Stuttgart,['R16']
Tommy Paul,2023,Eastbourne,['F']
Tommy Paul,2023,Wimbledon,['R64']
Tommy Paul,2023,Los Cabos,['QF']
Tommy Paul,2023,Canada Masters,"['QF', 'SF']"
Tommy Paul,2023,US Open,['R16']
Tommy Paul,2023,Davis Cup Finals,['RR']
Tommy Paul,2023,Beijing,['R32']
Tommy Paul,2023,Shanghai Masters,['R64']
Tommy Paul,2023,Paris Masters,['R64']
Tommy Paul,2024,Dallas,"['R16', 'F']"
Tommy Paul,2024,Delray Beach,['F']
Tommy Paul,2024,Acapulco,['R32']
Tommy Paul,2024,Indian Wells Masters,"['R32', 'QF', 'SF']"
Tommy Paul,2024,Rome Masters,"['QF', 'SF']"
Tommy Paul,2024,Queens Club,"['SF', 'F']"
Tommy Paul,2024,Wimbledon,"['R64', 'QF']"
Tommy Paul,2024,Olympics,['QF']
Tommy Paul,2024,Canada Masters,['R64']
Tommy Paul,2024,US Open,['R16']
Tommy Paul,2024,Tokyo,['R16']
Tommy Paul,2024,Stockholm,['F']
Tommy Paul,2024,Vienna,['R32']
Hubert Hurkacz,2017,Toyota,['SF']
Hubert Hurkacz,2018,Budapest CH,['R16']
Hubert Hurkacz,2018,Washington,"['R64', 'R32']"
Hubert Hurkacz,2018,Cincinnati Masters,['R64']
Hubert Hurkacz,2018,Shanghai Masters,['R64']
Hubert Hurkacz,2018,NextGen Finals,"['RR', 'RR', 'RR']"
Hubert Hurkacz,2019,Canberra CH,['F']
Hubert Hurkacz,2019,Montpellier,['R32']
Hubert Hurkacz,2019,Marseille,"['R32', 'R16']"
Hubert Hurkacz,2019,Dubai,"['R32', 'R16', 'QF']"
Hubert Hurkacz,2019,Indian Wells Masters,"['R128', 'R64', 'R16', 'QF']"
Hubert Hurkacz,2019,Miami Masters,"['R128', 'R64', 'R32']"
Hubert Hurkacz,2019,Monte Carlo Masters,['R64']
Hubert Hurkacz,2019,Budapest,['R32']
Hubert Hurkacz,2019,Madrid Masters,"['R32', 'R16']"
Hubert Hurkacz,2019,Roland Garros,['R128']
Hubert Hurkacz,2019,Halle,['R32']
Hubert Hurkacz,2019,Eastbourne,['QF']
Hubert Hurkacz,2019,Wimbledon,['R32']
Hubert Hurkacz,2019,Washington,"['R64', 'R32']"
Hubert Hurkacz,2019,Canada Masters,"['R64', 'R32', 'R16']"
Hubert Hurkacz,2019,Cincinnati Masters,['R64']
Hubert Hurkacz,2019,Winston Salem,"['SF', 'F']"
Hubert Hurkacz,2019,Tokyo,['R32']
Hubert Hurkacz,2019,Shanghai Masters,"['R32', 'R16']"
Hubert Hurkacz,2019,Vienna,['R32']
Hubert Hurkacz,2019,Paris Masters,['R64']
Hubert Hurkacz,2020,ATP Cup,"['RR', 'RR', 'RR']"
Hubert Hurkacz,2020,Auckland,"['R32', 'QF', 'SF']"
Hubert Hurkacz,2020,Rotterdam,['R32']
Hubert Hurkacz,2020,Dubai,['R32']
Hubert Hurkacz,2020,Rome Masters,['R32']
Hubert Hurkacz,2020,Roland Garros,['R128']
Hubert Hurkacz,2020,Cologne,"['R16', 'QF']"
Hubert Hurkacz,2020,Vienna,"['R32', 'R16']"
Hubert Hurkacz,2021,Delray Beach,"['R16', 'QF', 'SF', 'F']"
Hubert Hurkacz,2021,Australian Open,['R128']
Hubert Hurkacz,2021,Montpellier,['R16']
Hubert Hurkacz,2021,Rotterdam,"['R32', 'R16']"
Hubert Hurkacz,2021,Dubai,"['R32', 'R16']"
Hubert Hurkacz,2021,Miami Masters,"['R64', 'R32', 'R16', 'QF', 'SF', 'F']"
Hubert Hurkacz,2021,Monte Carlo Masters,['R32']
Hubert Hurkacz,2021,Madrid Masters,['R64']
Hubert Hurkacz,2021,Rome Masters,['R64']
Hubert Hurkacz,2021,Roland Garros,['R128']
Hubert Hurkacz,2021,Stuttgart,['R16']
Hubert Hurkacz,2021,Halle,['R32']
Hubert Hurkacz,2021,Wimbledon,"['QF', 'R32', 'R16', 'SF']"
Hubert Hurkacz,2021,Canada Masters,"['R16', 'QF']"
Hubert Hurkacz,2021,Cincinnati Masters,"['R64', 'R32', 'R16']"
Hubert Hurkacz,2021,Metz,"['R16', 'QF', 'SF', 'F']"
Hubert Hurkacz,2021,San Diego,['R32']
Hubert Hurkacz,2021,Indian Wells Masters,"['R64', 'R32', 'R16', 'QF']"
Hubert Hurkacz,2021,Vienna,['R32']
Hubert Hurkacz,2021,Paris Masters,"['R32', 'R16', 'QF', 'SF']"
Hubert Hurkacz,2021,Tour Finals,"['RR', 'RR', 'RR']"
Hubert Hurkacz,2022,ATP Cup,"['RR', 'RR', 'RR', 'SF']"
Hubert Hurkacz,2022,Australian Open,"['R128', 'R64']"
Hubert Hurkacz,2022,Rotterdam,"['R32', 'R16']"
Hubert Hurkacz,2022,Dubai,"['R32', 'R16', 'QF', 'SF']"
Hubert Hurkacz,2022,Indian Wells Masters,"['R64', 'R32', 'R16']"
Hubert Hurkacz,2022,Miami Masters,"['R64', 'R32', 'R16', 'QF', 'SF']"
Hubert Hurkacz,2022,Monte Carlo Masters,"['R64', 'R32', 'R16', 'QF']"
Hubert Hurkacz,2022,Madrid Masters,"['R64', 'R32', 'R16', 'QF']"
Hubert Hurkacz,2022,Rome Masters,['R64']
Hubert Hurkacz,2022,Roland Garros,"['R128', 'R64', 'R32', 'R16']"
Hubert Hurkacz,2022,Halle,"['R32', 'R16', 'QF', 'SF', 'F']"
Hubert Hurkacz,2022,Wimbledon,['R128']
Hubert Hurkacz,2022,Washington,['R32']
Hubert Hurkacz,2022,Canada Masters,"['R32', 'R16', 'QF', 'SF', 'F']"
Hubert Hurkacz,2022,Cincinnati Masters,['R32']
Hubert Hurkacz,2022,US Open,"['R128', 'R64']"
Hubert Hurkacz,2022,Metz,"['R16', 'QF', 'SF']"
Hubert Hurkacz,2022,Astana,"['R32', 'R16', 'QF']"
Hubert Hurkacz,2022,Antwerp,"['R16', 'QF']"
Hubert Hurkacz,2022,Vienna,"['R32', 'R16', 'QF']"
Hubert Hurkacz,2022,Paris Masters,"['R64', 'R32']"
Hubert Hurkacz,2023,United Cup,"['RR', 'RR', 'RR', 'SF']"
Hubert Hurkacz,2023,Australian Open,"['R128', 'R64', 'R32', 'R16']"
Hubert Hurkacz,2023,Rotterdam,"['R32', 'R16']"
Hubert Hurkacz,2023,Marseille,"['R16', 'QF', 'SF', 'F']"
Hubert Hurkacz,2023,Dubai,"['R32', 'R16', 'QF']"
Hubert Hurkacz,2023,Indian Wells Masters,"['R64', 'R32']"
Hubert Hurkacz,2023,Miami Masters,"['R64', 'R32']"
Hubert Hurkacz,2023,Estoril,['R16']
Hubert Hurkacz,2023,Monte Carlo Masters,"['R64', 'R32', 'R16']"
Hubert Hurkacz,2023,Madrid Masters,"['R64', 'R32']"
Hubert Hurkacz,2023,Rome Masters,['R64']
Hubert Hurkacz,2023,Roland Garros,"['R128', 'R64', 'R32']"
Hubert Hurkacz,2023,Stuttgart,"['R16', 'QF', 'SF']"
Hubert Hurkacz,2023,Halle,"['R32', 'R16']"
Hubert Hurkacz,2023,Wimbledon,"['R128', 'R64', 'R32', 'R16']"
Hubert Hurkacz,2023,Washington,['R32']
Hubert Hurkacz,2023,Canada Masters,"['R64', 'R32', 'R16']"
Hubert Hurkacz,2023,Cincinnati Masters,"['R64', 'R32', 'R16', 'QF', 'SF']"
Hubert Hurkacz,2023,US Open,"['R128', 'R64']"
Hubert Hurkacz,2023,Shanghai Masters,"['R64', 'R32', 'R16', 'QF', 'SF', 'F']"
Hubert Hurkacz,2023,Tokyo,['R32']
Hubert Hurkacz,2023,Basel,"['R32', 'R16', 'QF', 'SF', 'F']"
Hubert Hurkacz,2023,Paris Masters,"['R64', 'R32', 'R16', 'QF']"
Hubert Hurkacz,2023,Tour Finals,['RR']
Hubert Hurkacz,2024,United Cup,"['RR', 'RR', 'QF', 'SF', 'F']"
Hubert Hurkacz,2024,Australian Open,"['R128', 'R64', 'R32', 'R16', 'QF']"
Hubert Hurkacz,2024,Marseille,"['R16', 'QF', 'SF']"
Hubert Hurkacz,2024,Rotterdam,"['R32', 'R16']"
Hubert Hurkacz,2024,Dubai,"['R32', 'R16', 'QF']"
Hubert Hurkacz,2024,Indian Wells Masters,['R64']
Hubert Hurkacz,2024,Miami Masters,"['R64', 'R32', 'R16']"
Hubert Hurkacz,2024,Estoril,"['R16', 'QF', 'SF', 'F']"
Hubert Hurkacz,2024,Monte Carlo Masters,"['R64', 'R32', 'R16']"
Hubert Hurkacz,2024,Madrid Masters,"['R64', 'R32', 'R16']"
Hubert Hurkacz,2024,Rome Masters,"['R64', 'R32', 'R16', 'QF']"
Hubert Hurkacz,2024,Roland Garros,"['R128', 'R32', 'R16']"
Hubert Hurkacz,2024,Halle,"['R32', 'R16', 'QF', 'SF', 'F']"
Hubert Hurkacz,2024,Wimbledon,"['R128', 'R64']"
Hubert Hurkacz,2024,Canada Masters,"['R16', 'R64', 'QF']"
Hubert Hurkacz,2024,Cincinnati Masters,"['R32', 'R16', 'QF']"
Hubert Hurkacz,2024,US Open,"['R128', 'R64']"
Hubert Hurkacz,2024,Tokyo,"['R32', 'R16']"
Holger Rune,2019,Amersfoort CH,['R64']
Holger Rune,2021,NextGen Finals,"['RR', 'RR']"
Holger Rune,2022,Monte Carlo Masters,['R32']
Holger Rune,2022,Belgrade,['R32']
Holger Rune,2022,Munich,"['R16', 'SF', 'F']"
Holger Rune,2022,Roland Garros,"['R16', 'QF']"
Holger Rune,2022,Washington,['R32']
Holger Rune,2022,Canada Masters,['R64']
Holger Rune,2022,US Open,['R32']
Holger Rune,2022,Sofia,"['SF', 'F']"
Holger Rune,2022,Stockholm,['F']
Holger Rune,2022,Basel,"['QF', 'F']"
Holger Rune,2022,Paris Masters,"['R32', 'R16', 'SF', 'F']"
Holger Rune,2023,Adelaide,['R32']
Holger Rune,2023,Australian Open,"['R128', 'R64', 'R16']"
Holger Rune,2023,Montpellier,"['R16', 'SF']"
Holger Rune,2023,Rotterdam,['R16']
Holger Rune,2023,Acapulco,"['R32', 'SF']"
Holger Rune,2023,Indian Wells Masters,"['R64', 'R32']"
Holger Rune,2023,Miami Masters,['R16']
Holger Rune,2023,Monte Carlo Masters,"['QF', 'SF', 'F']"
Holger Rune,2023,Munich,"['SF', 'F']"
Holger Rune,2023,Rome Masters,"['R32', 'QF', 'SF', 'F']"
Holger Rune,2023,Roland Garros,"['R16', 'QF']"
Holger Rune,2023,Queens Club,['QF']
Holger Rune,2023,Wimbledon,['QF']
Holger Rune,2023,US Open,['R128']
Holger Rune,2023,Beijing,"['R32', 'R16']"
Holger Rune,2023,Paris Masters,"['R32', 'QF']"
Holger Rune,2023,Tour Finals,['RR']
Holger Rune,2024,Brisbane,"['R16', 'F']"
Holger Rune,2024,Australian Open,['R64']
Holger Rune,2024,Rotterdam,['R16']
Holger Rune,2024,Indian Wells Masters,['R16']
Holger Rune,2024,Miami Masters,['R64']
Holger Rune,2024,Monte Carlo Masters,"['R16', 'QF']"
Holger Rune,2024,Munich,['SF']
Holger Rune,2024,Roland Garros,['R16']
Holger Rune,2024,Wimbledon,['R16']
Holger Rune,2024,Hamburg,['QF']
Holger Rune,2024,Cincinnati Masters,['SF']
Holger Rune,2024,Shanghai Masters,['R16']
Holger Rune,2024,Basel,['SF']
Frances Tiafoe,2014,Washington,['R64']
Frances Tiafoe,2015,Fairfield CH,['SF']
Frances Tiafoe,2015,Knoxville CH,['F']
Frances Tiafoe,2016,Dallas CH,['R32']
Frances Tiafoe,2016,Winnetka CH,['F']
Frances Tiafoe,2016,Granby CH,['F']
Frances Tiafoe,2017,San Francisco CH,['QF']
Frances Tiafoe,2017,US Open,['R128']
Frances Tiafoe,2018,Delray Beach,"['SF', 'F']"
Frances Tiafoe,2018,Estoril,['F']
Frances Tiafoe,2018,Washington,['R32']
Frances Tiafoe,2018,Canada Masters,['R64']
Frances Tiafoe,2018,Cincinnati Masters,['R64']
Frances Tiafoe,2018,US Open,['R64']
Frances Tiafoe,2018,Davis Cup World Group SF,['RR']
Frances Tiafoe,2018,Paris Masters,['R32']
Frances Tiafoe,2018,NextGen Finals,['RR']
Frances Tiafoe,2019,Australian Open,"['R64', 'R16', 'QF']"
Frances Tiafoe,2019,New York,['R16']
Frances Tiafoe,2019,Miami Masters,['R32']
Frances Tiafoe,2019,Madrid Masters,['R64']
Frances Tiafoe,2019,Wimbledon,['R128']
Frances Tiafoe,2019,Beijing,['R32']
Frances Tiafoe,2019,Antwerp,['QF']
Frances Tiafoe,2019,NextGen Finals,['SF']
Frances Tiafoe,2020,Acapulco,['R32']
Frances Tiafoe,2020,US Open,['R16']
Frances Tiafoe,2021,Australian Open,['R64']
Frances Tiafoe,2021,Miami Masters,['R16']
Frances Tiafoe,2021,Indian Wells Masters,['R32']
Frances Tiafoe,2021,Antwerp,['R32']
Frances Tiafoe,2021,Vienna,"['SF', 'F']"
Frances Tiafoe,2021,Davis Cup Finals,['RR']
Frances Tiafoe,2022,Indian Wells Masters,['R32']
Frances Tiafoe,2022,Estoril,['F']
Frances Tiafoe,2022,Madrid Masters,['R64']
Frances Tiafoe,2022,Wimbledon,['R16']
Frances Tiafoe,2022,US Open,"['R16', 'QF', 'SF']"
Frances Tiafoe,2022,Tokyo,['F']
Frances Tiafoe,2022,Vienna,['R32']
Frances Tiafoe,2022,Paris Masters,"['R64', 'QF']"
Frances Tiafoe,2023,Australian Open,['R32']
Frances Tiafoe,2023,Indian Wells Masters,"['R64', 'QF', 'SF']"
Frances Tiafoe,2023,Houston,"['F', 'SF']"
Frances Tiafoe,2023,Roland Garros,['R32']
Frances Tiafoe,2023,Stuttgart,['F']
Frances Tiafoe,2023,US Open,['QF']
Frances Tiafoe,2023,Davis Cup Finals,['RR']
Frances Tiafoe,2023,Paris Masters,['R64']
Frances Tiafoe,2024,Hong Kong,['QF']
Frances Tiafoe,2024,Australian Open,['R64']
Frances Tiafoe,2024,Indian Wells Masters,['R32']
Frances Tiafoe,2024,Houston,"['SF', 'F']"
Frances Tiafoe,2024,Wimbledon,['R32']
Frances Tiafoe,2024,Cincinnati Masters,"['R32', 'QF', 'SF', 'F']"
Frances Tiafoe,2024,US Open,"['R32', 'QF', 'SF']"
Ugo Humbert,2018,Segovia CH,['F']
Ugo Humbert,2018,Ortisei CH,['F']
Ugo Humbert,2019,Australian Open,['R128']
Ugo Humbert,2019,Marseille,"['R16', 'QF', 'SF']"
Ugo Humbert,2019,Miami Masters,['R128']
Ugo Humbert,2019,Wimbledon,"['R32', 'R16']"
Ugo Humbert,2019,Newport,['SF']
Ugo Humbert,2019,Antwerp,['SF']
Ugo Humbert,2019,NextGen Finals,['RR']
Ugo Humbert,2020,Auckland,['F']
Ugo Humbert,2020,New York,['QF']
Ugo Humbert,2020,US Open,['R64']
Ugo Humbert,2020,St Petersburg,['R32']
Ugo Humbert,2020,Antwerp,['F']
Ugo Humbert,2021,Australian Open,['R64']
Ugo Humbert,2021,Halle,['F']
Ugo Humbert,2022,Halle,['R16']
Ugo Humbert,2022,Rennes CH,['F']
Ugo Humbert,2022,Sofia,['R16']
Ugo Humbert,2023,Beijing,['QF']
Ugo Humbert,2023,Shanghai Masters,"['R16', 'QF']"
Ugo Humbert,2023,Basel,"['R16', 'SF']"
Ugo Humbert,2023,Paris Masters,['R64']
Ugo Humbert,2023,Metz,['F']
Ugo Humbert,2024,Australian Open,['R32']
Ugo Humbert,2024,Marseille,"['QF', 'SF', 'F']"
Ugo Humbert,2024,Rotterdam,['R32']
Ugo Humbert,2024,Doha,['QF']
Ugo Humbert,2024,Dubai,"['R32', 'R16', 'QF', 'SF', 'F']"
Ugo Humbert,2024,Indian Wells Masters,['R32']
Ugo Humbert,2024,Miami Masters,['R64']
Ugo Humbert,2024,Monte Carlo Masters,['QF']
Ugo Humbert,2024,Barcelona,['R32']
Ugo Humbert,2024,Madrid Masters,['R32']
Ugo Humbert,2024,Roland Garros,['R128']
Ugo Humbert,2024,s Hertogenbosch,"['R16', 'SF']"
Ugo Humbert,2024,Wimbledon,['R16']
Ugo Humbert,2024,Canada Masters,['R64']
Ugo Humbert,2024,Tokyo,['F']
Ugo Humbert,2024,Basel,['R32']
Lorenzo Musetti,2019,Sophia Antipolis CH,['R64']
Lorenzo Musetti,2020,Australian Open,['Q3']
Lorenzo Musetti,2020,Trieste CH,['SF']
Lorenzo Musetti,2020,Rome Masters,['R16']
Lorenzo Musetti,2020,Forli CH,['F']
Lorenzo Musetti,2020,Sardinia,['R16']
Lorenzo Musetti,2021,Acapulco,"['QF', 'SF']"
Lorenzo Musetti,2021,Miami Masters,['R32']
Lorenzo Musetti,2021,Rome Masters,"['R64', 'R32']"
Lorenzo Musetti,2021,Lyon,"['R32', 'SF']"
Lorenzo Musetti,2021,Roland Garros,['R32']
Lorenzo Musetti,2021,US Open,['R64']
Lorenzo Musetti,2021,NextGen Finals,"['RR', 'RR']"
Lorenzo Musetti,2022,Australian Open,['R128']
Lorenzo Musetti,2022,Rotterdam,['R16']
Lorenzo Musetti,2022,Indian Wells Masters,['R64']
Lorenzo Musetti,2022,Barcelona,['R64']
Lorenzo Musetti,2022,Roland Garros,['R128']
Lorenzo Musetti,2022,Hamburg,"['R16', 'SF', 'F']"
Lorenzo Musetti,2022,US Open,"['R128', 'R64']"
Lorenzo Musetti,2022,Sofia,['R16']
Lorenzo Musetti,2022,Florence,['SF']
Lorenzo Musetti,2022,Naples,['F']
Lorenzo Musetti,2022,Paris Masters,"['R64', 'R16']"
Lorenzo Musetti,2023,Rio de Janeiro,['R32']
Lorenzo Musetti,2023,Indian Wells Masters,['R64']
Lorenzo Musetti,2023,Miami Masters,['R64']
Lorenzo Musetti,2023,Monte Carlo Masters,"['R64', 'R32', 'R16', 'QF']"
Lorenzo Musetti,2023,Barcelona,['SF']
Lorenzo Musetti,2023,Roland Garros,['R16']
Lorenzo Musetti,2023,Queens Club,['QF']
Lorenzo Musetti,2023,Wimbledon,['R32']
Lorenzo Musetti,2023,Bastad,['SF']
Lorenzo Musetti,2023,Canada Masters,['R16']
Lorenzo Musetti,2023,Cincinnati Masters,['R32']
Lorenzo Musetti,2023,Chengdu,['R16']
Lorenzo Musetti,2024,Rotterdam,['R32']
Lorenzo Musetti,2024,Miami Masters,"['R32', 'R16']"
Lorenzo Musetti,2024,Monte Carlo Masters,"['R64', 'R32', 'R16']"
Lorenzo Musetti,2024,Barcelona,['R32']
Lorenzo Musetti,2024,Cagliari CH,"['SF', 'F']"
Lorenzo Musetti,2024,Roland Garros,['R32']
Lorenzo Musetti,2024,Stuttgart,"['R32', 'R16', 'SF']"
Lorenzo Musetti,2024,Queens Club,"['R32', 'SF', 'F']"
Lorenzo Musetti,2024,Wimbledon,"['R128', 'R32', 'R16', 'QF', 'SF']"
Lorenzo Musetti,2024,Umag,"['R16', 'QF', 'F']"
Lorenzo Musetti,2024,Olympics,"['QF', 'SF', 'BR']"
Lorenzo Musetti,2024,Cincinnati Masters,['R32']
Lorenzo Musetti,2024,US Open,"['R128', 'R64']"
Lorenzo Musetti,2024,Chengdu,"['R16', 'QF', 'F']"
Jack Draper,2021,Queens Club,['QF']
Jack Draper,2022,Forli CH,['F']
Jack Draper,2022,Eastbourne,['SF']
Jack Draper,2022,Canada Masters,['R32']
Jack Draper,2022,Winston Salem,['QF']
Jack Draper,2022,US Open,['R64']
Jack Draper,2022,Antwerp,['R16']
Jack Draper,2022,Basel,['R32']
Jack Draper,2022,NextGen Finals,"['RR', 'SF']"
Jack Draper,2023,Australian Open,['R128']
Jack Draper,2023,Monte Carlo Masters,['R32']
Jack Draper,2023,US Open,['R64']
Jack Draper,2023,Sofia,['F']
Jack Draper,2024,Adelaide,['F']
Jack Draper,2024,Acapulco,['R32']
Jack Draper,2024,Monte Carlo Masters,['R64']
Jack Draper,2024,Madrid Masters,['R64']
Jack Draper,2024,Roland Garros,['R128']
Jack Draper,2024,Stuttgart,"['SF', 'F']"
Jack Draper,2024,Queens Club,"['R32', 'R16']"
Jack Draper,2024,US Open,"['R32', 'SF']"
Jack Draper,2024,Tokyo,['R16']
Felix Auger Aliassime,2017,Drummondville CH,['SF']
Felix Auger Aliassime,2017,Lyon CH,['QF']
Felix Auger Aliassime,2018,Francavilla Al Mare CH,['R16']
Felix Auger Aliassime,2018,Lyon CH,['F']
Felix Auger Aliassime,2018,Blois CH,['F']
Felix Auger Aliassime,2019,Davis Cup Qualifiers,"['RR', 'RR']"
Felix Auger Aliassime,2019,Rio de Janeiro,"['R16', 'QF', 'SF', 'F']"
Felix Auger Aliassime,2019,Indian Wells Masters,"['R128', 'R64']"
Felix Auger Aliassime,2019,Miami Masters,"['R32', 'R16', 'SF']"
Felix Auger Aliassime,2019,Monte Carlo Masters,['R64']
Felix Auger Aliassime,2019,Madrid Masters,['R64']
Felix Auger Aliassime,2019,Lyon,['F']
Felix Auger Aliassime,2019,Stuttgart,"['QF', 'F']"
Felix Auger Aliassime,2019,Queens Club,"['R16', 'QF', 'SF']"
Felix Auger Aliassime,2019,Wimbledon,"['R64', 'R32']"
Felix Auger Aliassime,2019,Washington,['R32']
Felix Auger Aliassime,2019,Canada Masters,['R16']
Felix Auger Aliassime,2019,Cincinnati Masters,['R64']
Felix Auger Aliassime,2019,Beijing,"['R32', 'R16']"
Felix Auger Aliassime,2019,Shanghai Masters,['R32']
Felix Auger Aliassime,2019,Davis Cup Finals,['F']
Felix Auger Aliassime,2020,ATP Cup,"['RR', 'QF']"
Felix Auger Aliassime,2020,Adelaide,['SF']
Felix Auger Aliassime,2020,Australian Open,['R128']
Felix Auger Aliassime,2020,Rotterdam,['F']
Felix Auger Aliassime,2020,Marseille,"['R16', 'F']"
Felix Auger Aliassime,2020,US Open,"['R64', 'R32', 'R16']"
Felix Auger Aliassime,2020,Cologne,['F']
Felix Auger Aliassime,2021,Murray River Open,['F']
Felix Auger Aliassime,2021,Australian Open,['R16']
Felix Auger Aliassime,2021,Rotterdam,['R32']
Felix Auger Aliassime,2021,Madrid Masters,['R64']
Felix Auger Aliassime,2021,Lyon,['R32']
Felix Auger Aliassime,2021,Stuttgart,['F']
Felix Auger Aliassime,2021,Halle,['R32']
Felix Auger Aliassime,2021,Wimbledon,"['R16', 'QF']"
Felix Auger Aliassime,2021,US Open,"['R32', 'SF']"
Felix Auger Aliassime,2022,ATP Cup,['F']
Felix Auger Aliassime,2022,Australian Open,['QF']
Felix Auger Aliassime,2022,Rotterdam,"['SF', 'F']"
Felix Auger Aliassime,2022,Marseille,['F']
Felix Auger Aliassime,2022,Indian Wells Masters,['R64']
Felix Auger Aliassime,2022,Miami Masters,['R64']
Felix Auger Aliassime,2022,Madrid Masters,"['R16', 'QF']"
Felix Auger Aliassime,2022,Rome Masters,"['R32', 'QF']"
Felix Auger Aliassime,2022,s Hertogenbosch,['SF']
Felix Auger Aliassime,2022,Halle,['QF']
Felix Auger Aliassime,2022,Wimbledon,['R128']
Felix Auger Aliassime,2022,Canada Masters,"['R32', 'R16', 'QF']"
Felix Auger Aliassime,2022,Cincinnati Masters,['R16']
Felix Auger Aliassime,2022,US Open,['R64']
Felix Auger Aliassime,2022,Laver Cup,['RR']
Felix Auger Aliassime,2022,Florence,"['SF', 'F']"
Felix Auger Aliassime,2022,Antwerp,['F']
Felix Auger Aliassime,2022,Basel,"['R16', 'QF', 'SF', 'F']"
Felix Auger Aliassime,2022,Paris Masters,"['R16', 'QF', 'SF']"
Felix Auger Aliassime,2022,Tour Finals,"['RR', 'RR', 'RR']"
Felix Auger Aliassime,2023,Australian Open,"['R128', 'R32', 'R16']"
Felix Auger Aliassime,2023,Rotterdam,"['R32', 'QF']"
Felix Auger Aliassime,2023,Doha,['SF']
Felix Auger Aliassime,2023,Indian Wells Masters,"['R32', 'R16', 'QF']"
Felix Auger Aliassime,2023,Lyon,['R16']
Felix Auger Aliassime,2023,Beijing,['R32']
Felix Auger Aliassime,2023,Basel,['F']
Felix Auger Aliassime,2024,Australian Open,"['R128', 'R32']"
Felix Auger Aliassime,2024,Montpellier,['R16']
Felix Auger Aliassime,2024,Marseille,['R16']
Felix Auger Aliassime,2024,Rotterdam,['R16']
Felix Auger Aliassime,2024,Indian Wells Masters,['R32']
Felix Auger Aliassime,2024,Miami Masters,['R64']
Felix Auger Aliassime,2024,Madrid Masters,"['SF', 'F']"
Felix Auger Aliassime,2024,Roland Garros,"['R32', 'R16']"
Felix Auger Aliassime,2024,Olympics,"['SF', 'BR']"
Felix Auger Aliassime,2024,Canada Masters,['R64']
Felix Auger Aliassime,2024,US Open,['R128']
Arthur Fils,2021,Roland Garros Juniors,['F']
Arthur Fils,2023,Oeiras CH,['F']
Arthur Fils,2023,Montpellier,['SF']
Arthur Fils,2023,Marseille,['SF']
Arthur Fils,2023,Lyon,"['SF', 'F']"
Arthur Fils,2023,Hamburg,"['QF', 'SF']"
Arthur Fils,2023,US Open,['R128']
Arthur Fils,2023,Shanghai Masters,['R64']
Arthur Fils,2023,Antwerp,"['R16', 'F']"
Arthur Fils,2023,Vienna,['R32']
Arthur Fils,2023,Paris Masters,['R64']
Arthur Fils,2023,NextGen Finals,"['SF', 'F']"
Arthur Fils,2024,Hong Kong,['QF']
Arthur Fils,2024,Auckland,['R32']
Arthur Fils,2024,Buenos Aires,['R32']
Arthur Fils,2024,Rio de Janeiro,['R32']
Arthur Fils,2024,Santiago,['R16']
Arthur Fils,2024,Indian Wells Masters,"['R64', 'R32']"
Arthur Fils,2024,Miami Masters,['R128']
Arthur Fils,2024,Estoril,['R32']
Arthur Fils,2024,Monte Carlo Masters,['R32']
Arthur Fils,2024,Barcelona,['R16']
Arthur Fils,2024,Madrid Masters,['R64']
Arthur Fils,2024,s Hertogenbosch,['R16']
Arthur Fils,2024,Halle,"['R32', 'R16', 'QF']"
Arthur Fils,2024,Wimbledon,['R64']
Arthur Fils,2024,Hamburg,"['QF', 'SF', 'F']"
Arthur Fils,2024,Canada Masters,['R64']
Arthur Fils,2024,US Open,"['R128', 'R64']"
Arthur Fils,2024,Tokyo,['F']
Alejandro Tabilo,2020,Australian Open,['Q2']
Alejandro Tabilo,2020,Santiago,['R16']
Alejandro Tabilo,2021,Guayaquil CH,['F']
Alejandro Tabilo,2022,Cordoba,"['QF', 'F']"
Alejandro Tabilo,2022,Wimbledon,['R128']
Alejandro Tabilo,2024,Auckland,['F']
Alejandro Tabilo,2024,Davis Cup Qualifiers,['RR']
Alejandro Tabilo,2024,Santiago,"['SF', 'F']"
Alejandro Tabilo,2024,Indian Wells Masters,['R64']
Alejandro Tabilo,2024,Miami Masters,['R128']
Alejandro Tabilo,2024,Monte Carlo Masters,['R32']
Alejandro Tabilo,2024,Rome Masters,"['R32', 'R16', 'QF', 'SF']"
Alejandro Tabilo,2024,Mallorca,['F']
Alejandro Tabilo,2024,Canada Masters,"['R32', 'R16']"
Sebastian Korda,2019,Champaign CH,['F']
Sebastian Korda,2020,Roland Garros,['R32']
Sebastian Korda,2021,Delray Beach,"['SF', 'F']"
Sebastian Korda,2021,Miami Masters,"['R16', 'QF']"
Sebastian Korda,2021,Parma,['F']
Sebastian Korda,2021,Washington,['R16']
Sebastian Korda,2021,NextGen Finals,"['RR', 'RR', 'SF', 'F']"
Sebastian Korda,2022,Indian Wells Masters,['R64']
Sebastian Korda,2022,Monte Carlo Masters,"['R32', 'R16']"
Sebastian Korda,2022,US Open,['R64']
Sebastian Korda,2022,Tel Aviv,['R16']
Sebastian Korda,2022,Gijon,['F']
Sebastian Korda,2022,Antwerp,"['SF', 'F']"
Sebastian Korda,2022,Paris Masters,['R64']
Sebastian Korda,2023,Adelaide,"['QF', 'F']"
Sebastian Korda,2023,Australian Open,"['R128', 'R64', 'R32', 'R16', 'QF']"
Sebastian Korda,2023,Queens Club,['SF']
Sebastian Korda,2023,Wimbledon,['R128']
Sebastian Korda,2023,Astana,['F']
Sebastian Korda,2023,Shanghai Masters,"['R64', 'R32', 'SF']"
Sebastian Korda,2023,Paris Masters,['R64']
Sebastian Korda,2024,Marseille,['R32']
Sebastian Korda,2024,Rotterdam,['R32']
Sebastian Korda,2024,Indian Wells Masters,"['R64', 'R32']"
Sebastian Korda,2024,Miami Masters,"['R64', 'R32']"
Sebastian Korda,2024,Monte Carlo Masters,['R32']
Sebastian Korda,2024,Roland Garros,['R32']
Sebastian Korda,2024,s Hertogenbosch,['F']
Sebastian Korda,2024,Queens Club,"['R16', 'SF']"
Sebastian Korda,2024,Wimbledon,['R128']
Sebastian Korda,2024,Washington,['F']
Sebastian Korda,2024,Canada Masters,"['QF', 'SF']"
Ben Shelton,2021,ITF Champaign,['F']
Ben Shelton,2021,US Open,['Q2']
Ben Shelton,2022,Cincinnati Masters,['R32']
Ben Shelton,2022,US Open,['R128']
Ben Shelton,2022,Knoxville CH,['F']
Ben Shelton,2023,Auckland,['R32']
Ben Shelton,2023,Australian Open,"['R16', 'QF']"
Ben Shelton,2023,Acapulco,['R32']
Ben Shelton,2023,Indian Wells Masters,['R64']
Ben Shelton,2023,Miami Masters,['R64']
Ben Shelton,2023,Estoril,['R16']
Ben Shelton,2023,US Open,"['R16', 'QF', 'SF']"
Ben Shelton,2023,Shanghai Masters,['R32']
Ben Shelton,2023,Tokyo,['F']
Ben Shelton,2023,Vienna,['R32']
Ben Shelton,2023,Paris Masters,['R64']
Ben Shelton,2024,Auckland,['R16']
Ben Shelton,2024,Australian Open,['R32']
Ben Shelton,2024,Indian Wells Masters,"['R64', 'R16']"
Ben Shelton,2024,Miami Masters,['R32']
Ben Shelton,2024,Houston,['F']
Ben Shelton,2024,Roland Garros,['R32']
Ben Shelton,2024,Wimbledon,['R16']
Ben Shelton,2024,Atlanta,['R16']
Ben Shelton,2024,Washington,['SF']
Ben Shelton,2024,Cincinnati Masters,['QF']
Ben Shelton,2024,US Open,"['R128', 'R32']"
Ben Shelton,2024,Shanghai Masters,['R16']
Karen Khachanov,2015,Istanbul CH,"['SF', 'QF']"
Karen Khachanov,2016,Barcelona,['R32']
Karen Khachanov,2016,Karshi CH,['QF']
Karen Khachanov,2016,St Petersburg,['R32']
Karen Khachanov,2016,Chengdu,"['SF', 'F']"
Karen Khachanov,2016,Moscow,['R32']
Karen Khachanov,2016,Vienna,['R16']
Karen Khachanov,2017,Auckland,['R32']
Karen Khachanov,2017,Montpellier,['R32']
Karen Khachanov,2017,Rotterdam,['R32']
Karen Khachanov,2017,Indian Wells Masters,['R64']
Karen Khachanov,2017,Halle,"['QF', 'SF']"
Karen Khachanov,2017,Davis Cup World Group PO,['RR']
Karen Khachanov,2017,Beijing,['R16']
Karen Khachanov,2018,Auckland,['QF']
Karen Khachanov,2018,Australian Open,['R64']
Karen Khachanov,2018,Marseille,['F']
Karen Khachanov,2018,Dubai,['R16']
Karen Khachanov,2018,Monte Carlo Masters,['R16']
Karen Khachanov,2018,Roland Garros,['R16']
Karen Khachanov,2018,Canada Masters,['SF']
Karen Khachanov,2018,US Open,['R32']
Karen Khachanov,2018,St Petersburg,['R16']
Karen Khachanov,2018,Beijing,['R16']
Karen Khachanov,2018,Moscow,"['R16', 'SF', 'F']"
Karen Khachanov,2018,Paris Masters,"['QF', 'SF', 'F']"
Karen Khachanov,2019,Sofia,['R16']
Karen Khachanov,2019,Rotterdam,['R32']
Karen Khachanov,2019,Dubai,['R32']
Karen Khachanov,2019,Indian Wells Masters,['QF']
Karen Khachanov,2019,Roland Garros,['R16']
Karen Khachanov,2019,Halle,['R32']
Karen Khachanov,2019,Wimbledon,['R32']
Karen Khachanov,2019,Washington,['R32']
Karen Khachanov,2019,Canada Masters,"['R16', 'QF', 'SF']"
Karen Khachanov,2019,Cincinnati Masters,['R32']
Karen Khachanov,2019,Beijing,['SF']
Karen Khachanov,2019,Vienna,['R32']
Karen Khachanov,2020,ATP Cup,"['RR', 'RR', 'SF']"
Karen Khachanov,2020,Australian Open,['R64']
Karen Khachanov,2021,Great Ocean Road Open,['QF']
Karen Khachanov,2021,Australian Open,['R32']
Karen Khachanov,2021,Rotterdam,['R32']
Karen Khachanov,2021,Miami Masters,['R64']
Karen Khachanov,2021,Olympics,"['SF', 'F']"
Karen Khachanov,2021,Canada Masters,['R32']
Karen Khachanov,2022,Adelaide,['F']
Karen Khachanov,2022,Lyon,['R16']
Karen Khachanov,2022,Canada Masters,['R32']
Karen Khachanov,2022,US Open,"['QF', 'SF']"
Karen Khachanov,2022,Astana,['R32']
Karen Khachanov,2022,Vienna,['R16']
Karen Khachanov,2022,Paris Masters,['R64']
Karen Khachanov,2023,Adelaide,['QF']
Karen Khachanov,2023,Australian Open,"['R64', 'R32', 'QF', 'SF']"
Karen Khachanov,2023,Miami Masters,"['R32', 'R16', 'QF', 'SF']"
Karen Khachanov,2023,Monte Carlo Masters,['R64']
Karen Khachanov,2023,Barcelona,['R32']
Karen Khachanov,2023,Madrid Masters,['QF']
Karen Khachanov,2023,Roland Garros,['QF']
Karen Khachanov,2023,Zhuhai,['F']
Karen Khachanov,2023,Shanghai Masters,"['R64', 'R32']"
Karen Khachanov,2023,Vienna,"['R16', 'QF']"
Karen Khachanov,2023,Paris Masters,['R16']
Karen Khachanov,2024,Hong Kong,['R16']
Karen Khachanov,2024,Australian Open,['R16']
Karen Khachanov,2024,Doha,['F']
Karen Khachanov,2024,Dubai,['R32']
Karen Khachanov,2024,Miami Masters,"['R64', 'R16']"
Karen Khachanov,2024,Monte Carlo Masters,['QF']
Karen Khachanov,2024,Madrid Masters,['R16']
Karen Khachanov,2024,Rome Masters,['R16']
Karen Khachanov,2024,Cincinnati Masters,['R64']
Karen Khachanov,2024,US Open,['R128']
Karen Khachanov,2024,Beijing,['QF']
Karen Khachanov,2024,Almaty,['F']
Alexei Popyrin,2018,Jinan CH,['F']
Alexei Popyrin,2018,Basel,['R16']
Alexei Popyrin,2019,Australian Open,['R32']
Alexei Popyrin,2019,Indian Wells Masters,['R128']
Alexei Popyrin,2019,Stockholm,['R16']
Alexei Popyrin,2020,Australian Open,['R32']
Alexei Popyrin,2021,Singapore,['F']
Alexei Popyrin,2021,Miami Masters,['R64']
Alexei Popyrin,2021,Indian Wells Masters,['R64']
Alexei Popyrin,2021,Vienna,['R32']
Alexei Popyrin,2022,Tokyo,['R32']
Alexei Popyrin,2023,Australian Open,['R64']
Alexei Popyrin,2023,Indian Wells Masters,['R64']
Alexei Popyrin,2023,Marrakech,['R32']
Alexei Popyrin,2023,Umag,['F']
Alexei Popyrin,2023,Cincinnati Masters,['QF']
Alexei Popyrin,2023,Davis Cup Finals,['RR']
Alexei Popyrin,2024,Australian Open,['R64']
Alexei Popyrin,2024,Miami Masters,['R64']
Alexei Popyrin,2024,Monte Carlo Masters,['R16']
Alexei Popyrin,2024,Wimbledon,['R32']
Alexei Popyrin,2024,Canada Masters,"['R64', 'QF', 'SF', 'F']"
Alexei Popyrin,2024,Cincinnati Masters,['R64']
Alexei Popyrin,2024,US Open,['R32']
Sebastian Baez,2021,Santiago CH,"['F', 'R32', 'QF']"
Sebastian Baez,2021,Bratislava CH,['F']
Sebastian Baez,2021,Kiev CH,['F']
Sebastian Baez,2021,Buenos Aires CH,"['R16', 'QF']"
Sebastian Baez,2021,NextGen Finals,"['RR', 'RR', 'RR', 'SF']"
Sebastian Baez,2021,Campinas CH,['SF']
Sebastian Baez,2022,Cordoba,['QF']
Sebastian Baez,2022,Buenos Aires,['R16']
Sebastian Baez,2022,Santiago,"['R16', 'QF', 'F']"
Sebastian Baez,2022,Indian Wells Masters,['R128']
Sebastian Baez,2022,Barcelona,['R64']
Sebastian Baez,2022,Estoril,['F']
Sebastian Baez,2022,Rome Masters,"['R64', 'R32']"
Sebastian Baez,2022,Roland Garros,['R64']
Sebastian Baez,2022,Bastad,"['QF', 'SF', 'F']"
Sebastian Baez,2022,Canada Masters,['R64']
Sebastian Baez,2022,Cincinnati Masters,['R64']
Sebastian Baez,2022,Paris Masters,['R64']
Sebastian Baez,2023,Auckland,['R32']
Sebastian Baez,2023,Cordoba,['F']
Sebastian Baez,2023,Rio de Janeiro,"['R32', 'QF']"
Sebastian Baez,2023,Santiago,['SF']
Sebastian Baez,2023,Roland Garros,['R128']
Sebastian Baez,2023,Kitzbuhel,['F']
Sebastian Baez,2023,Winston Salem,['F']
Sebastian Baez,2023,US Open,['R32']
Sebastian Baez,2023,Shanghai Masters,"['R64', 'R32']"
Sebastian Baez,2023,Paris Masters,['R64']
Sebastian Baez,2024,Australian Open,['R32']
Sebastian Baez,2024,Davis Cup Qualifiers,['RR']
Sebastian Baez,2024,Cordoba,['SF']
Sebastian Baez,2024,Rio de Janeiro,"['SF', 'F']"
Sebastian Baez,2024,Santiago,['F']
Sebastian Baez,2024,Indian Wells Masters,['R32']
Sebastian Baez,2024,Monte Carlo Masters,['R64']
Sebastian Baez,2024,Madrid Masters,['R32']
Sebastian Baez,2024,Rome Masters,['R16']
Sebastian Baez,2024,Eastbourne,['R16']
Sebastian Baez,2024,Hamburg,['SF']
Sebastian Baez,2024,Paris Olympics,['R16']
Sebastian Baez,2024,Cincinnati Masters,['R32']
Tomas Machac,2020,Koblenz CH,['F']
Tomas Machac,2022,US Open,['R128']
Tomas Machac,2022,Helsinki CH,['R16']
Tomas Machac,2023,Australian Open,['R128']
Tomas Machac,2023,Dubai,['R32']
Tomas Machac,2024,Brisbane,['R16']
Tomas Machac,2024,Australian Open,['R64']
Tomas Machac,2024,Marseille,['QF']
Tomas Machac,2024,Indian Wells Masters,['R64']
Tomas Machac,2024,Miami Masters,"['R64', 'R32', 'R16', 'QF']"
Tomas Machac,2024,Barcelona,['R64']
Tomas Machac,2024,Geneva,['F']
Tomas Machac,2024,Roland Garros,['R64']
Tomas Machac,2024,Halle,['R32']
Tomas Machac,2024,Wimbledon,['R128']
Tomas Machac,2024,Canada Masters,['R64']
Tomas Machac,2024,Tokyo,['R16']
Tomas Machac,2024,Shanghai Masters,"['QF', 'SF']"
Jiri Lehecka,2019,Davis Cup Qualifiers,['RR']
Jiri Lehecka,2021,Poznan CH,['QF']
Jiri Lehecka,2021,Pau CH,['F']
Jiri Lehecka,2022,Rotterdam,['R32']
Jiri Lehecka,2022,Gstaad,['R16']
Jiri Lehecka,2022,NextGen Finals,"['SF', 'F']"
Jiri Lehecka,2023,Australian Open,"['R32', 'R16', 'QF']"
Jiri Lehecka,2023,Doha,['SF']
Jiri Lehecka,2023,Indian Wells Masters,['R64']
Jiri Lehecka,2023,Miami Masters,"['R128', 'R64', 'R32']"
Jiri Lehecka,2023,Monte Carlo Masters,['R64']
Jiri Lehecka,2023,Banja Luka,"['R16', 'QF']"
Jiri Lehecka,2023,Madrid Masters,['R64']
Jiri Lehecka,2023,Roland Garros,['R64']
Jiri Lehecka,2023,Stuttgart,['R32']
Jiri Lehecka,2023,Wimbledon,['R16']
Jiri Lehecka,2023,Umag,['QF']
Jiri Lehecka,2023,Winston Salem,"['QF', 'F']"
Jiri Lehecka,2023,US Open,['R128']
Jiri Lehecka,2023,Vienna,['R16']
Jiri Lehecka,2024,United Cup,"['RR', 'RR']"
Jiri Lehecka,2024,Adelaide,['F']
Jiri Lehecka,2024,Australian Open,['R64']
Jiri Lehecka,2024,Marseille,['R16']
Jiri Lehecka,2024,Rotterdam,['R32']
Jiri Lehecka,2024,Dubai,['R32']
Jiri Lehecka,2024,Indian Wells Masters,"['R32', 'R16']"
Jiri Lehecka,2024,Miami Masters,['R64']
Jiri Lehecka,2024,Madrid Masters,['SF']
Jiri Lehecka,2024,Cincinnati Masters,['R32']
Jiri Lehecka,2024,US Open,['R32']
Jiri Lehecka,2024,Antwerp,"['R32', 'R16', 'QF', 'F']"
Jordan Thompson,2015,Ho Chi Minh City CH,"['SF', 'F']"
Jordan Thompson,2016,Cherbourg CH,"['R32', 'SF']"
Jordan Thompson,2017,Surbiton CH,['F']
Jordan Thompson,2018,Brisbane,['R32']
Jordan Thompson,2018,Chennai CH,['R32']
Jordan Thompson,2018,Kyoto CH,['F']
Jordan Thompson,2018,Binghamton CH,['F']
Jordan Thompson,2019,New York,['R16']
Jordan Thompson,2019,Miami Masters,['R32']
Jordan Thompson,2019,Roland Garros,['R32']
Jordan Thompson,2019,s Hertogenbosch,['F']
Jordan Thompson,2019,Washington,['R16']
Jordan Thompson,2019,Cincinnati Masters,['R64']
Jordan Thompson,2021,Miami Masters,['R64']
Jordan Thompson,2021,Newport,['SF']
Jordan Thompson,2021,US Open,['R64']
Jordan Thompson,2022,US Open,['R64']
Jordan Thompson,2022,Davis Cup Finals,['QF']
Jordan Thompson,2023,Indian Wells Masters,['R64']
Jordan Thompson,2023,s Hertogenbosch,['F']
Jordan Thompson,2023,Wimbledon,['R128']
Jordan Thompson,2023,Washington,['R16']
Jordan Thompson,2024,Brisbane,['QF']
Jordan Thompson,2024,Los Cabos,['F']
Jordan Thompson,2024,Barcelona,['R16']
Jordan Thompson,2024,Queens Club,['SF']
Jordan Thompson,2024,Atlanta,['F']
Jordan Thompson,2024,Canada Masters,['R32']
Jordan Thompson,2024,Cincinnati Masters,['R32']
Jordan Thompson,2024,US Open,['R64']
Francisco Cerundolo,2020,Split CH,['SF']
Francisco Cerundolo,2020,Campinas CH,['F']
Francisco Cerundolo,2021,Cordoba,['R16']
Francisco Cerundolo,2021,Buenos Aires,['F']
Francisco Cerundolo,2021,Campinas CH,['SF']
Francisco Cerundolo,2022,Miami Masters,"['R128', 'QF', 'SF']"
Francisco Cerundolo,2022,Bastad,['F']
Francisco Cerundolo,2022,Hamburg,"['R16', 'SF']"
Francisco Cerundolo,2022,US Open,['R128']
Francisco Cerundolo,2022,Astana,['R32']
Francisco Cerundolo,2022,Gijon,['QF']
Francisco Cerundolo,2022,Antwerp,['R16']
Francisco Cerundolo,2023,Australian Open,['R32']
Francisco Cerundolo,2023,Buenos Aires,"['R16', 'QF']"
Francisco Cerundolo,2023,Santiago,['R16']
Francisco Cerundolo,2023,Indian Wells Masters,['R32']
Francisco Cerundolo,2023,Miami Masters,"['R64', 'QF']"
Francisco Cerundolo,2023,Monte Carlo Masters,['R64']
Francisco Cerundolo,2023,Rome Masters,['R16']
Francisco Cerundolo,2023,Lyon,"['SF', 'F']"
Francisco Cerundolo,2023,Roland Garros,"['R64', 'R32', 'R16']"
Francisco Cerundolo,2023,Eastbourne,['F']
Francisco Cerundolo,2023,Paris Masters,"['R32', 'R16']"
Francisco Cerundolo,2024,Cordoba,['R16']
Francisco Cerundolo,2024,Rio de Janeiro,['SF']
Francisco Cerundolo,2024,Bucharest,['QF']
Francisco Cerundolo,2024,Madrid Masters,['QF']
Francisco Cerundolo,2024,Roland Garros,['R16']
Francisco Cerundolo,2024,Umag,"['R16', 'F']"
Francisco Cerundolo,2024,Olympics,['R16']
Francisco Cerundolo,2024,Cincinnati Masters,['R64']
Flavio Cobolli,2021,Parma,['R16']
Flavio Cobolli,2022,Zadar CH,['F']
Flavio Cobolli,2022,Roland Garros,['Q1']
Flavio Cobolli,2023,Munich,['QF']
Flavio Cobolli,2023,Roland Garros,['R128']
Flavio Cobolli,2023,Olbia CH,['F']
Flavio Cobolli,2024,Barcelona,['R64']
Flavio Cobolli,2024,Stuttgart,['R32']
Flavio Cobolli,2024,Halle,['R32']
Flavio Cobolli,2024,Washington,"['SF', 'F']"
Flavio Cobolli,2024,Canada Masters,['R64']
Flavio Cobolli,2024,Cincinnati Masters,['R16']
Flavio Cobolli,2024,US Open,['R32']
Flavio Cobolli,2024,Davis Cup World Group,['RR']
Flavio Cobolli,2024,Shanghai Masters,['R32']
Alexander Bublik,2016,Moscow,['QF']
Alexander Bublik,2017,Cuernavaca CH,['F']
Alexander Bublik,2017,Moscow,['R32']
Alexander Bublik,2019,Miami Masters,['R64']
Alexander Bublik,2019,Monterrey CH,['SF']
Alexander Bublik,2019,San Luis Potosi CH,['R32']
Alexander Bublik,2019,Leon CH,['R32']
Alexander Bublik,2019,Queens Club,['R32']
Alexander Bublik,2019,Newport,"['SF', 'F']"
Alexander Bublik,2019,Washington,['R64']
Alexander Bublik,2019,Winston Salem,['R64']
Alexander Bublik,2019,US Open,['R64']
Alexander Bublik,2019,Chengdu,"['SF', 'F']"
Alexander Bublik,2019,Davis Cup Finals,['RR']
Alexander Bublik,2020,Dubai,['R32']
Alexander Bublik,2020,Davis Cup Qualifiers,"['RR', 'RR']"
Alexander Bublik,2020,Roland Garros,['R128']
Alexander Bublik,2021,Antalya,['F']
Alexander Bublik,2021,Singapore,['F']
Alexander Bublik,2021,Rotterdam,['R32']
Alexander Bublik,2021,Miami Masters,['QF']
Alexander Bublik,2021,Madrid Masters,"['QF', 'R16']"
Alexander Bublik,2021,Wimbledon,['R32']
Alexander Bublik,2021,Olympics,['R64']
Alexander Bublik,2021,Paris Masters,['R32']
Alexander Bublik,2022,Australian Open,['R64']
Alexander Bublik,2022,Montpellier,"['QF', 'F']"
Alexander Bublik,2022,Dubai,['R32']
Alexander Bublik,2022,Indian Wells Masters,['R32']
Alexander Bublik,2022,Miami Masters,['R32']
Alexander Bublik,2022,Madrid Masters,['R64']
Alexander Bublik,2022,Stuttgart,['R16']
Alexander Bublik,2022,Eastbourne,['QF']
Alexander Bublik,2022,Newport,"['QF', 'F']"
Alexander Bublik,2022,US Open,['R128']
Alexander Bublik,2022,Metz,['F']
Alexander Bublik,2022,Astana,['R16']
Alexander Bublik,2022,Basel,"['R32', 'R16', 'QF']"
Alexander Bublik,2023,United Cup,['RR']
Alexander Bublik,2023,Australian Open,['R128']
Alexander Bublik,2023,Davis Cup Qualifiers,['RR']
Alexander Bublik,2023,Marseille,['SF']
Alexander Bublik,2023,Dubai,['R16']
Alexander Bublik,2023,Barcelona,['R64']
Alexander Bublik,2023,Madrid Masters,['R128']
Alexander Bublik,2023,s Hertogenbosch,['R16']
Alexander Bublik,2023,Halle,"['R32', 'R16', 'QF', 'SF', 'F']"
Alexander Bublik,2023,Wimbledon,['R128']
Alexander Bublik,2023,Canada Masters,['R64']
Alexander Bublik,2023,US Open,['R128']
Alexander Bublik,2023,Antwerp,"['R16', 'F']"
Alexander Bublik,2023,Paris Masters,"['R64', 'R32', 'R16']"
Alexander Bublik,2024,Montpellier,"['R16', 'F']"
Alexander Bublik,2024,Rotterdam,['R16']
Alexander Bublik,2024,Dubai,"['SF', 'F']"
Alexander Bublik,2024,Lyon,['SF']
Alexander Bublik,2024,Roland Garros,['R128']
Alexander Bublik,2024,Stuttgart,['R16']
Nuno Borges,2021,Antalya CH,['F']
Nuno Borges,2021,Maia CH,['QF']
Nuno Borges,2022,Barletta CH,"['R16', 'QF', 'SF', 'F']"
Nuno Borges,2022,US Open,"['R128', 'R64']"
Nuno Borges,2023,Rome Masters,['R64']
Nuno Borges,2024,Australian Open,"['R32', 'R16']"
Nuno Borges,2024,Los Cabos,['QF']
Nuno Borges,2024,Rome Masters,['R16']
Nuno Borges,2024,Bastad,['F']
Nuno Borges,2024,US Open,"['R32', 'R16']"
Nuno Borges,2024,Basel,['R32']
Nicolas Jarry,2017,Cuernavaca CH,['F']
Nicolas Jarry,2017,Medellin CH,['F']
Nicolas Jarry,2017,Quito CH,['F']
Nicolas Jarry,2017,Santiago CH,['F']
Nicolas Jarry,2018,Rio de Janeiro,['SF']
Nicolas Jarry,2018,Sao Paulo,['F']
Nicolas Jarry,2018,Wimbledon,['R128']
Nicolas Jarry,2018,Hamburg,['QF']
Nicolas Jarry,2018,Kitzbuhel,['QF']
Nicolas Jarry,2018,Winston Salem,['QF']
Nicolas Jarry,2019,Doha,['R16']
Nicolas Jarry,2019,Davis Cup Qualifiers,['RR']
Nicolas Jarry,2019,Barcelona,"['R32', 'QF']"
Nicolas Jarry,2019,Geneva,['F']
Nicolas Jarry,2019,Roland Garros,['R128']
Nicolas Jarry,2019,Bastad,"['SF', 'F']"
Nicolas Jarry,2020,ATP Cup,['RR']
Nicolas Jarry,2022,US Open,['R128']
Nicolas Jarry,2022,Seoul,['R16']
Nicolas Jarry,2022,Naples,['R32']
Nicolas Jarry,2023,Australian Open,['R128']
Nicolas Jarry,2023,Davis Cup Qualifiers,['RR']
Nicolas Jarry,2023,Rio de Janeiro,"['R32', 'R16', 'QF', 'SF']"
Nicolas Jarry,2023,Santiago,['F']
Nicolas Jarry,2023,Monte Carlo Masters,"['R64', 'R16']"
Nicolas Jarry,2023,Barcelona,['R32']
Nicolas Jarry,2023,Rome Masters,['R128']
Nicolas Jarry,2023,Geneva,"['R32', 'SF', 'F']"
Nicolas Jarry,2023,Roland Garros,"['R128', 'R64', 'R16']"
Nicolas Jarry,2023,Halle,"['R32', 'R16']"
Nicolas Jarry,2023,Wimbledon,['R32']
Nicolas Jarry,2023,US Open,['R32']
Nicolas Jarry,2023,Beijing,['R32']
Nicolas Jarry,2023,Shanghai Masters,"['R32', 'QF']"
Nicolas Jarry,2023,Basel,['R16']
Nicolas Jarry,2023,Paris Masters,['R32']
Nicolas Jarry,2024,Buenos Aires,"['SF', 'F']"
Nicolas Jarry,2024,Miami Masters,"['R16', 'QF']"
Nicolas Jarry,2024,Rome Masters,"['R16', 'QF', 'SF', 'F']"
Nicolas Jarry,2024,Chengdu,['QF']
Nicolas Jarry,2024,Beijing,['R32']
Tallon Griekspoor,2018,Rotterdam,['R32']
Tallon Griekspoor,2018,Tampere CH,['F']
Tallon Griekspoor,2019,Rotterdam,"['R32', 'R16']"
Tallon Griekspoor,2019,Bergamo CH,['R32']
Tallon Griekspoor,2019,Alicante CH,['R64']
Tallon Griekspoor,2019,Banja Luka CH,['F']
Tallon Griekspoor,2019,Davis Cup Finals,['RR']
Tallon Griekspoor,2020,Australian Open,"['Q3', 'R128']"
Tallon Griekspoor,2020,Rotterdam,['R32']
Tallon Griekspoor,2020,Davis Cup Qualifiers,['RR']
Tallon Griekspoor,2021,Prague CH,['F']
Tallon Griekspoor,2021,Bratislava CH,"['F', 'F']"
Tallon Griekspoor,2021,Amersfoort CH,['F']
Tallon Griekspoor,2021,US Open,"['R128', 'R64']"
Tallon Griekspoor,2021,Davis Cup Group I,['RR']
Tallon Griekspoor,2021,Murcia CH,['F']
Tallon Griekspoor,2021,Napoli CH,['F']
Tallon Griekspoor,2021,Ercolano CH,['F']
Tallon Griekspoor,2021,Tenerife CH,['F']
Tallon Griekspoor,2022,Australian Open,"['R128', 'R64']"
Tallon Griekspoor,2022,Rotterdam,['R32']
Tallon Griekspoor,2022,Davis Cup Qualifiers,['RR']
Tallon Griekspoor,2022,Miami Masters,['R128']
Tallon Griekspoor,2022,Rome Masters,['R64']
Tallon Griekspoor,2022,Geneva,['R16']
Tallon Griekspoor,2022,Mallorca,['QF']
Tallon Griekspoor,2022,Amersfoort CH,['F']
Tallon Griekspoor,2022,Winston Salem,['R32']
Tallon Griekspoor,2022,Davis Cup Finals,"['RR', 'QF']"
Tallon Griekspoor,2022,Dutch Championships,['F']
Tallon Griekspoor,2023,Pune,"['SF', 'F']"
Tallon Griekspoor,2023,Australian Open,"['R64', 'R32']"
Tallon Griekspoor,2023,Davis Cup Qualifiers,['RR']
Tallon Griekspoor,2023,Rotterdam,"['QF', 'SF']"
Tallon Griekspoor,2023,Dubai,['R16']
Tallon Griekspoor,2023,Indian Wells Masters,['R32']
Tallon Griekspoor,2023,Monte Carlo Masters,['R64']
Tallon Griekspoor,2023,Roland Garros,"['R128', 'R64']"
Tallon Griekspoor,2023,s Hertogenbosch,['F']
Tallon Griekspoor,2023,Halle,['R16']
Tallon Griekspoor,2023,Washington,"['SF', 'F']"
Tallon Griekspoor,2023,US Open,['R128']
Tallon Griekspoor,2023,Davis Cup Finals,"['RR', 'QF']"
Tallon Griekspoor,2023,Basel,['QF']
Tallon Griekspoor,2024,United Cup,['RR']
Tallon Griekspoor,2024,Australian Open,['R128']
Tallon Griekspoor,2024,Davis Cup Qualifiers,"['RR', 'RR']"
Tallon Griekspoor,2024,Rotterdam,"['R32', 'R16']"
Tallon Griekspoor,2024,Indian Wells Masters,"['R64', 'R32']"
Tallon Griekspoor,2024,Miami Masters,"['R64', 'R32']"
Tallon Griekspoor,2024,Madrid Masters,['R16']
Tallon Griekspoor,2024,Geneva,['QF']
Tallon Griekspoor,2024,Roland Garros,['R32']
Tallon Griekspoor,2024,Olympics,"['R64', 'R32']"
Tallon Griekspoor,2024,US Open,['R32']
Tallon Griekspoor,2024,Davis Cup World Group,"['RR', 'RR', 'RR']"
Tallon Griekspoor,2024,Beijing,['R16']
Tallon Griekspoor,2024,Stockholm,['R32']
Tomas Martin Etcheverry,2020,Sibiu CH,['F']
Tomas Martin Etcheverry,2022,Santiago CH,['R16']
Tomas Martin Etcheverry,2022,Tel Aviv,['R32']
Tomas Martin Etcheverry,2023,Australian Open,['R64']
Tomas Martin Etcheverry,2023,Santiago,"['R16', 'SF', 'F']"
Tomas Martin Etcheverry,2023,Indian Wells Masters,['R128']
Tomas Martin Etcheverry,2023,Houston,['F']
Tomas Martin Etcheverry,2023,Barcelona,['R64']
Tomas Martin Etcheverry,2023,Rome Masters,['R64']
Tomas Martin Etcheverry,2023,Roland Garros,"['R16', 'QF']"
Tomas Martin Etcheverry,2023,Paris Masters,['R32']
Tomas Martin Etcheverry,2024,Monte Carlo Masters,['R32']
Tomas Martin Etcheverry,2024,Rome Masters,['R32']
Tomas Martin Etcheverry,2024,Lyon,"['SF', 'F']"
Tomas Martin Etcheverry,2024,Roland Garros,['R128']
Tomas Martin Etcheverry,2024,Shanghai Masters,['R64']
Matteo Arnaldi,2022,Rome Masters,['R64']
Matteo Arnaldi,2022,Saint Tropez CH,['F']
Matteo Arnaldi,2022,NextGen Finals,['RR']
Matteo Arnaldi,2023,Dubai,['R32']
Matteo Arnaldi,2023,Heilbronn CH,['F']
Matteo Arnaldi,2023,Umag,['QF']
Matteo Arnaldi,2023,Canada Masters,['R32']
Matteo Arnaldi,2023,US Open,['R16']
Matteo Arnaldi,2023,Vienna,['R16']
Matteo Arnaldi,2023,Davis Cup Finals,"['QF', 'RR']"
Matteo Arnaldi,2024,Australian Open,"['R128', 'R64']"
Matteo Arnaldi,2024,Indian Wells Masters,['R64']
Matteo Arnaldi,2024,Miami Masters,"['R128', 'R16']"
Matteo Arnaldi,2024,Monte Carlo Masters,['R64']
Matteo Arnaldi,2024,Roland Garros,['R32']
Matteo Arnaldi,2024,Canada Masters,"['QF', 'SF']"
Brandon Nakashima,2020,Delray Beach,['QF']
Brandon Nakashima,2020,US Open,['R128']
Brandon Nakashima,2020,Orlando CH,['F']
Brandon Nakashima,2021,Wimbledon,['R128']
Brandon Nakashima,2021,Los Cabos,['F']
Brandon Nakashima,2021,Atlanta,['F']
Brandon Nakashima,2021,Antwerp,['QF']
Brandon Nakashima,2021,NextGen Finals,"['RR', 'RR', 'RR', 'SF']"
Brandon Nakashima,2022,Sydney,['R16']
Brandon Nakashima,2022,Indian Wells Masters,['R128']
Brandon Nakashima,2022,Barcelona,['R32']
Brandon Nakashima,2022,Rome Masters,['R64']
Brandon Nakashima,2022,Wimbledon,['R16']
Brandon Nakashima,2022,Los Cabos,['R32']
Brandon Nakashima,2022,Canada Masters,['R64']
Brandon Nakashima,2022,US Open,['R32']
Brandon Nakashima,2022,San Diego,"['R32', 'QF', 'F']"
Brandon Nakashima,2022,Basel,['R32']
Brandon Nakashima,2022,NextGen Finals,"['SF', 'F']"
Brandon Nakashima,2023,Australian Open,['R128']
Brandon Nakashima,2023,Indian Wells Masters,['R64']
Brandon Nakashima,2023,Miami Masters,['R64']
Brandon Nakashima,2023,Lyon,['SF']
Brandon Nakashima,2023,Wimbledon,['R128']
Brandon Nakashima,2024,Miami Masters,['R128']
Brandon Nakashima,2024,Stuttgart,['SF']
Brandon Nakashima,2024,Canada Masters,['R16']
Brandon Nakashima,2024,Vienna,['R32']
Pedro Martinez,2018,Bastad CH,['F']
Pedro Martinez,2019,Murcia CH,['R32']
Pedro Martinez,2019,Amersfoort CH,['R32']
Pedro Martinez,2019,Sopot CH,"['R32', 'R16']"
Pedro Martinez,2020,Australian Open,['R128']
Pedro Martinez,2020,Roland Garros,['R32']
Pedro Martinez,2020,Alicante CH,['F']
Pedro Martinez,2021,Kitzbuhel,['F']
Pedro Martinez,2022,Australian Open,['R128']
Pedro Martinez,2022,Santiago,['F']
Pedro Martinez,2022,Monte Carlo Masters,['R32']
Pedro Martinez,2022,Rome Masters,['R64']
Pedro Martinez,2022,Canada Masters,['R64']
Pedro Martinez,2022,Tokyo,"['R32', 'R16', 'QF']"
Pedro Martinez,2022,Naples CH,['R32']
Pedro Martinez,2023,Australian Open,['R128']
Pedro Martinez,2023,Rio de Janeiro,['R16']
Pedro Martinez,2023,Roland Garros,"['Q2', 'R128']"
Pedro Martinez,2024,Estoril,"['SF', 'F']"
Pedro Martinez,2024,Madrid,['Q1']
Pedro Martinez,2024,Roland Garros,['R64']
Pedro Martinez,2024,US Open,['R128']
Jan Lennard Struff,2014,Munich,['SF']
Jan Lennard Struff,2014,Stuttgart,['R32']
Jan Lennard Struff,2014,Hamburg,['R64']
Jan Lennard Struff,2015,Stuttgart,['R32']
Jan Lennard Struff,2015,Mons CH,['R16']
Jan Lennard Struff,2017,Canberra CH,['SF']
Jan Lennard Struff,2017,Munich,['R32']
Jan Lennard Struff,2017,Stuttgart,['R16']
Jan Lennard Struff,2018,Australian Open,['R64']
Jan Lennard Struff,2018,Monte Carlo Masters,['R16']
Jan Lennard Struff,2018,Munich,['QF']
Jan Lennard Struff,2018,Wimbledon,['R32']
Jan Lennard Struff,2019,Sofia,['R16']
Jan Lennard Struff,2019,Indian Wells Masters,['R32']
Jan Lennard Struff,2019,Madrid Masters,['R64']
Jan Lennard Struff,2019,Rome Masters,['R64']
Jan Lennard Struff,2019,Shanghai Masters,['R64']
Jan Lennard Struff,2020,ATP Cup,['RR']
Jan Lennard Struff,2020,US Open,['R32']
Jan Lennard Struff,2021,Rotterdam,['R32']
Jan Lennard Struff,2021,Dubai,"['R64', 'R32']"
Jan Lennard Struff,2021,Munich,['F']
Jan Lennard Struff,2021,Parma,['R16']
Jan Lennard Struff,2021,Tokyo Olympics,['R32']
Jan Lennard Struff,2021,US Open,['R128']
Jan Lennard Struff,2022,Sofia,['R16']
Jan Lennard Struff,2022,Bergamo CH,['F']
Jan Lennard Struff,2023,Australian Open,['R128']
Jan Lennard Struff,2023,Miami Masters,['R64']
Jan Lennard Struff,2023,Monte Carlo Masters,"['R64', 'R32']"
Jan Lennard Struff,2023,Madrid Masters,"['QF', 'SF', 'F']"
Jan Lennard Struff,2023,Stuttgart,"['R32', 'R16', 'SF', 'F']"
Jan Lennard Struff,2023,Halle,['R16']
Jan Lennard Struff,2023,Beijing,['R32']
Jan Lennard Struff,2023,Basel,['R16']
Jan Lennard Struff,2024,Australian Open,['R128']
Jan Lennard Struff,2024,Rotterdam,['R16']
Jan Lennard Struff,2024,Dubai,['R32']
Jan Lennard Struff,2024,Indian Wells Masters,['R32']
Jan Lennard Struff,2024,Miami Masters,['R64']
Jan Lennard Struff,2024,Monte Carlo Masters,"['R64', 'R16']"
Jan Lennard Struff,2024,Munich,"['SF', 'F']"
Jan Lennard Struff,2024,Madrid Masters,['R32']
Jan Lennard Struff,2024,Stuttgart,"['R32', 'R16']"
Jan Lennard Struff,2024,Halle,['R16']
Jan Lennard Struff,2024,Gstaad,['SF']
Matteo Berrettini,2016,Andria CH,['SF']
Matteo Berrettini,2018,Rome Masters,['R32']
Matteo Berrettini,2018,Bastad,['R16']
Matteo Berrettini,2018,Gstaad,['F']
Matteo Berrettini,2018,Kitzbuhel,['QF']
Matteo Berrettini,2018,St Petersburg,['R16']
Matteo Berrettini,2019,Australian Open,['R128']
Matteo Berrettini,2019,Davis Cup Qualifiers,['RR']
Matteo Berrettini,2019,Sofia,"['R16', 'QF']"
Matteo Berrettini,2019,Miami Masters,['R128']
Matteo Berrettini,2019,Budapest,"['R16', 'SF', 'F']"
Matteo Berrettini,2019,Munich,['F']
Matteo Berrettini,2019,Rome Masters,['R32']
Matteo Berrettini,2019,Roland Garros,['R64']
Matteo Berrettini,2019,Stuttgart,"['QF', 'F']"
Matteo Berrettini,2019,Wimbledon,"['R64', 'R32', 'R16']"
Matteo Berrettini,2019,US Open,"['QF', 'SF']"
Matteo Berrettini,2019,St Petersburg,['R16']
Matteo Berrettini,2019,Shanghai Masters,"['R64', 'R32', 'R16', 'QF', 'SF']"
Matteo Berrettini,2019,Vienna,['SF']
Matteo Berrettini,2019,Tour Finals,"['RR', 'RR', 'RR']"
Matteo Berrettini,2020,Australian Open,['R64']
Matteo Berrettini,2020,Cincinnati Masters,['R16']
Matteo Berrettini,2020,US Open,"['R64', 'R32', 'R16']"
Matteo Berrettini,2020,Rome Masters,['QF']
Matteo Berrettini,2020,Roland Garros,['R32']
Matteo Berrettini,2021,ATP Cup,['F']
Matteo Berrettini,2021,Australian Open,['R32']
Matteo Berrettini,2021,Monte Carlo Masters,['R32']
Matteo Berrettini,2021,Belgrade,['F']
Matteo Berrettini,2021,Madrid Masters,"['SF', 'F']"
Matteo Berrettini,2021,Roland Garros,['QF']
Matteo Berrettini,2021,Queens Club,['F']
Matteo Berrettini,2021,Wimbledon,"['R64', 'QF', 'SF', 'F']"
Matteo Berrettini,2021,US Open,['QF']
Matteo Berrettini,2021,Indian Wells Masters,['R32']
Matteo Berrettini,2021,Vienna,['R32']
Matteo Berrettini,2021,Tour Finals,['RR']
Matteo Berrettini,2022,ATP Cup,['RR']
Matteo Berrettini,2022,Australian Open,"['R32', 'R16', 'QF', 'SF']"
Matteo Berrettini,2022,Rio de Janeiro,['QF']
Matteo Berrettini,2022,Indian Wells Masters,['R16']
Matteo Berrettini,2022,Stuttgart,"['SF', 'F']"
Matteo Berrettini,2022,Queens Club,"['R32', 'QF', 'F']"
Matteo Berrettini,2022,Gstaad,"['SF', 'F']"
Matteo Berrettini,2022,Canada Masters,['R64']
Matteo Berrettini,2022,US Open,"['R128', 'R32', 'QF']"
Matteo Berrettini,2022,Florence,['R16']
Matteo Berrettini,2022,Naples,['F']
Matteo Berrettini,2023,United Cup,"['RR', 'RR']"
Matteo Berrettini,2023,Australian Open,['R128']
Matteo Berrettini,2023,Miami Masters,['R64']
Matteo Berrettini,2023,Monte Carlo Masters,['R64']
Matteo Berrettini,2023,Wimbledon,['R16']
Matteo Berrettini,2023,Canada Masters,"['R64', 'R32']"
Matteo Berrettini,2024,Miami Masters,['R128']
Matteo Berrettini,2024,Marrakech,"['SF', 'F']"
Matteo Berrettini,2024,Monte Carlo Masters,['R64']
Matteo Berrettini,2024,Stuttgart,"['SF', 'F']"
Matteo Berrettini,2024,Wimbledon,"['R128', 'R64']"
Matteo Berrettini,2024,Gstaad,['F']
Matteo Berrettini,2024,Kitzbuhel,['F']
Matteo Berrettini,2024,US Open,['R64']
Matteo Berrettini,2024,Davis Cup World Group,['RR']
Matteo Berrettini,2024,Stockholm,['R16']
Luciano Darderi,2022,Barletta CH,['QF']
Luciano Darderi,2023,Todi CH,['F']
Luciano Darderi,2024,Cordoba,"['SF', 'F']"
Luciano Darderi,2024,Santiago,['R32']
Luciano Darderi,2024,Houston,['SF']
Luciano Darderi,2024,Madrid Masters,['R64']
Luciano Darderi,2024,Cagliari CH,['QF']
Luciano Darderi,2024,Lyon,['SF']
Luciano Darderi,2024,Umag,['R16']
Luciano Darderi,2024,Canada Masters,['R64']
Luciano Darderi,2024,Vienna,['R32']
Alex Michelsen,2023,Newport,"['R32', 'F']"
Alex Michelsen,2024,Australian Open,"['R128', 'R64']"
Alex Michelsen,2024,Los Cabos,['R16']
Alex Michelsen,2024,Indian Wells Masters,['R128']
Alex Michelsen,2024,Miami Masters,['R64']
Alex Michelsen,2024,Wimbledon,['R128']
Alex Michelsen,2024,Newport,"['SF', 'F']"
Alex Michelsen,2024,Cincinnati Masters,"['Q2', 'R32']"
Alex Michelsen,2024,Winston Salem,['F']
Alex Michelsen,2024,US Open,['R64']
Alex Michelsen,2024,Tokyo,['R32']
Mariano Navone,2022,Corrientes CH,['F']
Mariano Navone,2024,Rio de Janeiro,"['QF', 'SF', 'F']"
Mariano Navone,2024,Marrakech,['SF']
Mariano Navone,2024,Bucharest,"['QF', 'SF', 'F']"
Mariano Navone,2024,Cagliari CH,['F']
Mariano Navone,2024,Roland Garros,['R64']
Mariano Navone,2024,Queens Club,['R32']
Mariano Navone,2024,Bastad,['QF']
Mariano Navone,2024,Canada Masters,['R64']
Roberto Bautista Agut,2013,Chennai,['F']
Roberto Bautista Agut,2013,Dubai,['R16']
Roberto Bautista Agut,2014,Auckland,['QF']
Roberto Bautista Agut,2014,Madrid Masters,['SF']
Roberto Bautista Agut,2014,Moscow,['F']
Roberto Bautista Agut,2015,Rotterdam,['R32']
Roberto Bautista Agut,2015,Marseille,['SF']
Roberto Bautista Agut,2015,Monte Carlo Masters,['R16']
Roberto Bautista Agut,2015,Barcelona,['QF']
Roberto Bautista Agut,2015,Madrid Masters,['R64']
Roberto Bautista Agut,2015,s Hertogenbosch,['R16']
Roberto Bautista Agut,2015,US Open,['R16']
Roberto Bautista Agut,2015,St Petersburg,['R16']
Roberto Bautista Agut,2015,Tokyo,['R16']
Roberto Bautista Agut,2015,Valencia,"['SF', 'F']"
Roberto Bautista Agut,2015,Paris Masters,['R32']
Roberto Bautista Agut,2016,Sofia,['SF']
Roberto Bautista Agut,2016,Miami Masters,['R16']
Roberto Bautista Agut,2016,Barcelona,['R32']
Roberto Bautista Agut,2016,Winston Salem,['F']
Roberto Bautista Agut,2016,Shanghai Masters,"['SF', 'F']"
Roberto Bautista Agut,2017,Chennai,['F']
Roberto Bautista Agut,2017,Sofia,['R16']
Roberto Bautista Agut,2017,Winston Salem,['F']
Roberto Bautista Agut,2018,Auckland,['F']
Roberto Bautista Agut,2018,Dubai,['F']
Roberto Bautista Agut,2018,Munich,['QF']
Roberto Bautista Agut,2018,Halle,['SF']
Roberto Bautista Agut,2018,Gstaad,['F']
Roberto Bautista Agut,2018,Beijing,['R32']
Roberto Bautista Agut,2018,Basel,['QF']
Roberto Bautista Agut,2019,Doha,"['SF', 'F']"
Roberto Bautista Agut,2019,Australian Open,"['R128', 'QF']"
Roberto Bautista Agut,2019,Miami Masters,"['R32', 'QF']"
Roberto Bautista Agut,2019,Madrid Masters,['R64']
Roberto Bautista Agut,2019,Rome Masters,['R64']
Roberto Bautista Agut,2019,Halle,['QF']
Roberto Bautista Agut,2019,Wimbledon,"['R32', 'QF', 'SF']"
Roberto Bautista Agut,2019,Cincinnati Masters,['R64']
Roberto Bautista Agut,2019,Zhuhai,['SF']
Roberto Bautista Agut,2019,Shanghai Masters,"['R32', 'R16']"
Roberto Bautista Agut,2019,Davis Cup Finals,['F']
Roberto Bautista Agut,2020,ATP Cup,['F']
Roberto Bautista Agut,2020,Cincinnati Masters,['SF']
Roberto Bautista Agut,2020,Hamburg,['R32']
Roberto Bautista Agut,2020,Cologne,['QF']
Roberto Bautista Agut,2021,Montpellier,['F']
Roberto Bautista Agut,2021,Doha,"['SF', 'F']"
Roberto Bautista Agut,2021,Miami Masters,['SF']
Roberto Bautista Agut,2021,Monte Carlo Masters,['R64']
Roberto Bautista Agut,2021,Madrid Masters,['R32']
Roberto Bautista Agut,2021,Rome Masters,['R16']
Roberto Bautista Agut,2021,Canada Masters,['QF']
Roberto Bautista Agut,2021,US Open,"['R128', 'R32']"
Roberto Bautista Agut,2022,ATP Cup,"['SF', 'F']"
Roberto Bautista Agut,2022,Montpellier,['QF']
Roberto Bautista Agut,2022,Doha,['F']
Roberto Bautista Agut,2022,Indian Wells Masters,['R32']
Roberto Bautista Agut,2022,Miami Masters,['R32']
Roberto Bautista Agut,2022,Halle,['QF']
Roberto Bautista Agut,2022,Mallorca,['F']
Roberto Bautista Agut,2022,Bastad,['R16']
Roberto Bautista Agut,2022,Kitzbuhel,['F']
Roberto Bautista Agut,2022,Canada Masters,['R32']
Roberto Bautista Agut,2022,Cincinnati Masters,['R32']
Roberto Bautista Agut,2022,Astana,['QF']
Roberto Bautista Agut,2022,Basel,"['R32', 'QF']"
Roberto Bautista Agut,2023,Adelaide,"['R32', 'QF', 'F']"
Roberto Bautista Agut,2023,Australian Open,"['R32', 'R16']"
Roberto Bautista Agut,2023,Rotterdam,['R32']
Roberto Bautista Agut,2023,Indian Wells Masters,['R64']
Roberto Bautista Agut,2023,Miami Masters,['R64']
Roberto Bautista Agut,2023,Monte Carlo Masters,"['R64', 'R32']"
Roberto Bautista Agut,2023,Barcelona,['R32']
Roberto Bautista Agut,2023,Halle,['QF']
Roberto Bautista Agut,2023,Wimbledon,['R128']
Roberto Bautista Agut,2023,Paris Masters,['R32']
Roberto Bautista Agut,2024,Miami Masters,['R64']
Roberto Bautista Agut,2024,Monte Carlo Masters,['R32']
Roberto Bautista Agut,2024,Antwerp,['F']
Zhizhen Zhang,2019,Zhuhai,"['R32', 'R16']"
Zhizhen Zhang,2022,US Open,['R128']
Zhizhen Zhang,2023,Madrid Masters,['R16']
Zhizhen Zhang,2023,Stuttgart,['R32']
Zhizhen Zhang,2023,Hamburg,['SF']
Zhizhen Zhang,2023,US Open,"['R64', 'R32']"
Zhizhen Zhang,2023,Shanghai Masters,"['R64', 'R16']"
Zhizhen Zhang,2023,Tokyo,['R32']
Zhizhen Zhang,2024,United Cup,"['RR', 'RR', 'QF']"
Zhizhen Zhang,2024,Marseille,['R16']
Zhizhen Zhang,2024,Rome Masters,['QF']
Zhizhen Zhang,2024,Roland Garros,['R32']
Zhizhen Zhang,2024,Halle,['SF']
Zhizhen Zhang,2024,Hamburg,['QF']
Zhizhen Zhang,2024,Cincinnati,['R64']
Zhizhen Zhang,2024,Cincinnati Masters,['R32']
Zhizhen Zhang,2024,Hangzhou,"['SF', 'F']"
Juncheng Shang,2021,US Open Juniors,['F']
Juncheng Shang,2023,US Open,['Q2']
Juncheng Shang,2024,Hong Kong,['QF']
Juncheng Shang,2024,Australian Open,['R128']
Juncheng Shang,2024,Barcelona,['R64']
Juncheng Shang,2024,Bordeaux CH,"['R16', 'QF']"
Juncheng Shang,2024,Atlanta,['R16']
Juncheng Shang,2024,Chengdu,['F']
Juncheng Shang,2024,Shanghai Masters,['R64']
Marcos Giron,2013,Champaign CH,['R32']
Marcos Giron,2018,Los Cabos,['R16']
Marcos Giron,2019,Indian Wells Masters,"['R128', 'R64']"
Marcos Giron,2021,Madrid Masters,['R32']
Marcos Giron,2021,Indian Wells Masters,['R128']
Marcos Giron,2021,Paris Masters,['R16']
Marcos Giron,2022,Dallas,['SF']
Marcos Giron,2022,Washington,['R64']
Marcos Giron,2022,Cincinnati Masters,['R32']
Marcos Giron,2022,San Diego,['F']
Marcos Giron,2022,Gijon,['R16']
Marcos Giron,2023,Australian Open,['R128']
Marcos Giron,2023,Indian Wells Masters,['R64']
Marcos Giron,2023,Roland Garros,['R64']
Marcos Giron,2023,Stuttgart,['R32']
Marcos Giron,2023,Halle,['R32']
Marcos Giron,2023,Astana,['R16']
Marcos Giron,2023,Paris Masters,['R64']
Marcos Giron,2024,Dallas,"['SF', 'F']"
Marcos Giron,2024,Halle,['QF']
Marcos Giron,2024,Newport,"['SF', 'F']"
Marcos Giron,2024,US Open,['R128']
Marcos Giron,2024,Tokyo,['R32']
Lorenzo Sonego,2018,Budapest,['R16']
Lorenzo Sonego,2019,Cordoba,['R16']
Lorenzo Sonego,2019,Buenos Aires,['R16']
Lorenzo Sonego,2019,Marrakech,['R16']
Lorenzo Sonego,2019,Monte Carlo Masters,['QF']
Lorenzo Sonego,2019,Antalya,"['SF', 'F']"
Lorenzo Sonego,2019,Gstaad,['R16']
Lorenzo Sonego,2019,Kitzbuhel,"['QF', 'SF']"
Lorenzo Sonego,2019,Vienna,['R32']
Lorenzo Sonego,2020,Auckland,['R32']
Lorenzo Sonego,2020,Roland Garros,"['R32', 'R16']"
Lorenzo Sonego,2020,Sardinia,['R32']
Lorenzo Sonego,2020,Vienna,"['R16', 'QF', 'F']"
Lorenzo Sonego,2021,Australian Open,['R64']
Lorenzo Sonego,2021,Cagliari,['F']
Lorenzo Sonego,2021,Rome Masters,['SF']
Lorenzo Sonego,2021,Eastbourne,"['SF', 'F']"
Lorenzo Sonego,2021,Wimbledon,['R16']
Lorenzo Sonego,2022,Australian Open,['R32']
Lorenzo Sonego,2022,Buenos Aires,['R16']
Lorenzo Sonego,2022,Metz,"['SF', 'F']"
Lorenzo Sonego,2022,Paris Masters,['R64']
Lorenzo Sonego,2022,Davis Cup Finals,['SF']
Lorenzo Sonego,2023,Adelaide,['R32']
Lorenzo Sonego,2023,Australian Open,['R64']
Lorenzo Sonego,2023,Rotterdam,['R32']
Lorenzo Sonego,2023,Monte Carlo Masters,['R32']
Lorenzo Sonego,2023,Halle,['R16']
Lorenzo Sonego,2023,Shanghai Masters,['R32']
Lorenzo Sonego,2024,Bucharest,['R32']
Lorenzo Sonego,2024,Madrid Masters,['R64']
Lorenzo Sonego,2024,Roland Garros,['R128']
Lorenzo Sonego,2024,Halle,['R16']
Lorenzo Sonego,2024,Canada Masters,['R32']
Lorenzo Sonego,2024,Winston Salem,"['SF', 'F']"
Giovanni Mpetshi Perricard,2023,Roland Garros,['R128']
Giovanni Mpetshi Perricard,2024,Lyon,"['SF', 'F']"
Giovanni Mpetshi Perricard,2024,Stuttgart,['R32']
Giovanni Mpetshi Perricard,2024,Queens Club,['R16']
Giovanni Mpetshi Perricard,2024,Wimbledon,"['R128', 'R64', 'R16']"
Giovanni Mpetshi Perricard,2024,Washington,['R32']
Giovanni Mpetshi Perricard,2024,Cincinnati,['R64']
Giovanni Mpetshi Perricard,2024,Chengdu,['R16']
Giovanni Mpetshi Perricard,2024,Beijing,['R32']
Giovanni Mpetshi Perricard,2024,Basel,['SF']
Jakub Mensik,2022,Australian Open Juniors,['F']
Jakub Mensik,2023,US Open,['R128']
Jakub Mensik,2024,Australian Open,['R64']
Jakub Mensik,2024,Doha,"['R16', 'QF', 'SF', 'F']"
Jakub Mensik,2024,Indian Wells Masters,"['R128', 'R64']"
Jakub Mensik,2024,Umag,['R16']
Jakub Mensik,2024,US Open,"['R128', 'R32']"
Gael Monfils,2005,US Open,['R128']
Gael Monfils,2006,Doha,['F']
Gael Monfils,2006,Rome Masters,['SF']
Gael Monfils,2008,Roland Garros,['SF']
Gael Monfils,2008,Olympics,['QF']
Gael Monfils,2009,Roland Garros,"['R16', 'QF']"
Gael Monfils,2009,Paris Masters,"['SF', 'F']"
Gael Monfils,2010,US Open,['QF']
Gael Monfils,2010,Tokyo,['F']
Gael Monfils,2010,Paris Masters,"['SF', 'F', 'QF']"
Gael Monfils,2011,Roland Garros,['QF']
Gael Monfils,2013,Roland Garros,['R128']
Gael Monfils,2013,Halle,['R16']
Gael Monfils,2013,Shanghai Masters,['R16']
Gael Monfils,2014,Doha,['F']
Gael Monfils,2014,Australian Open,['R32']
Gael Monfils,2014,US Open,['QF']
Gael Monfils,2014,Paris Masters,['R16']
Gael Monfils,2015,Montpellier,['SF']
Gael Monfils,2015,Marseille,"['R32', 'SF']"
Gael Monfils,2015,Monte Carlo Masters,"['R16', 'QF', 'SF']"
Gael Monfils,2015,Roland Garros,['R16']
Gael Monfils,2015,Stuttgart,['R16']
Gael Monfils,2015,Vienna,"['QF', 'SF']"
Gael Monfils,2015,Paris Masters,['R64']
Gael Monfils,2016,Australian Open,['QF']
Gael Monfils,2016,Rotterdam,['F']
Gael Monfils,2016,Davis Cup World Group R1,['RR']
Gael Monfils,2016,Indian Wells Masters,['R16']
Gael Monfils,2016,Monte Carlo Masters,"['R32', 'SF', 'F']"
Gael Monfils,2016,Washington,['F']
Gael Monfils,2016,Canada Masters,['SF']
Gael Monfils,2016,US Open,"['QF', 'SF']"
Gael Monfils,2016,Tokyo,['R16']
Gael Monfils,2016,Tour Finals,"['RR', 'RR']"
Gael Monfils,2017,Indian Wells Masters,['R16']
Gael Monfils,2017,Madrid Masters,['R64']
Gael Monfils,2017,Roland Garros,['R128']
Gael Monfils,2017,Eastbourne,['F']
Gael Monfils,2018,Doha,['F']
Gael Monfils,2018,Australian Open,['R64']
Gael Monfils,2018,Roland Garros,['R32']
Gael Monfils,2018,Kaohsiung CH,"['QF', 'SF', 'F']"
Gael Monfils,2018,Antwerp,['F']
Gael Monfils,2019,Sofia,"['R32', 'R16', 'QF', 'SF']"
Gael Monfils,2019,Rotterdam,"['QF', 'SF', 'F']"
Gael Monfils,2019,Dubai,"['R32', 'R16', 'QF', 'SF']"
Gael Monfils,2019,Indian Wells Masters,"['R64', 'R16']"
Gael Monfils,2019,Estoril,['QF']
Gael Monfils,2019,Madrid Masters,['R16']
Gael Monfils,2019,Roland Garros,['R128']
Gael Monfils,2019,Canada Masters,"['R64', 'R16']"
Gael Monfils,2019,US Open,"['R32', 'QF']"
Gael Monfils,2019,Shanghai Masters,['R32']
Gael Monfils,2019,Antwerp,['R16']
Gael Monfils,2019,Vienna,"['R16', 'QF', 'SF']"
Gael Monfils,2019,Paris Masters,"['QF', 'R16']"
Gael Monfils,2020,Australian Open,"['R64', 'R16']"
Gael Monfils,2020,Montpellier,['F']
Gael Monfils,2020,Rotterdam,"['R16', 'SF', 'F']"
Gael Monfils,2020,Dubai,['SF']
Gael Monfils,2020,Roland Garros,['R128']
Gael Monfils,2021,Roland Garros,"['R128', 'R64']"
Gael Monfils,2021,Canada Masters,['QF']
Gael Monfils,2021,Cincinnati Masters,['R32']
Gael Monfils,2021,US Open,['R32']
Gael Monfils,2021,Sofia,['F']
Gael Monfils,2021,Vienna,['R16']
Gael Monfils,2022,Adelaide,['F']
Gael Monfils,2022,Australian Open,"['R64', 'R16', 'QF']"
Gael Monfils,2022,Indian Wells Masters,"['R64', 'R32', 'R16']"
Gael Monfils,2022,Madrid Masters,"['R64', 'R32']"
Gael Monfils,2022,Canada Masters,['R64']
Gael Monfils,2023,Roland Garros,['R128']
Gael Monfils,2023,Canada Masters,"['R32', 'QF']"
Gael Monfils,2023,Cincinnati Masters,['R16']
Gael Monfils,2023,Stockholm,['F']
Gael Monfils,2024,Doha,"['R32', 'QF', 'SF']"
Gael Monfils,2024,Dubai,['R32']
Gael Monfils,2024,Indian Wells Masters,"['R64', 'R32']"
Gael Monfils,2024,Miami Masters,"['R128', 'R32']"
Gael Monfils,2024,Estoril,['R32']
Gael Monfils,2024,Monte Carlo Masters,['R32']
Gael Monfils,2024,Roland Garros,['R128']
Gael Monfils,2024,Wimbledon,"['R128', 'R32']"
Gael Monfils,2024,Canada Masters,['R64']
Gael Monfils,2024,Cincinnati Masters,"['R64', 'R32']"
Gael Monfils,2024,Beijing,['R32']
Gael Monfils,2024,Shanghai Masters,['R16']
Cameron Norrie,2015,Ilkey CH,['R32']
Cameron Norrie,2016,Aptos CH,['F']
Cameron Norrie,2017,Tiburon CH,['F']
Cameron Norrie,2018,Davis Cup World Group PO,['RR']
Cameron Norrie,2018,Shenzhen,['QF']
Cameron Norrie,2018,Antwerp,['R16']
Cameron Norrie,2019,Auckland,['F']
Cameron Norrie,2019,Australian Open,['R128']
Cameron Norrie,2019,Cordoba,['R32']
Cameron Norrie,2019,Acapulco,"['QF', 'SF']"
Cameron Norrie,2019,Indian Wells Masters,['R128']
Cameron Norrie,2019,Wimbledon,['R64']
Cameron Norrie,2019,Shanghai Masters,['R32']
Cameron Norrie,2020,ATP Cup,['RR']
Cameron Norrie,2021,Delray Beach,['SF']
Cameron Norrie,2021,Estoril,"['QF', 'SF', 'F']"
Cameron Norrie,2021,Lyon,['F']
Cameron Norrie,2021,Roland Garros,['R32']
Cameron Norrie,2021,Queens Club,"['QF', 'F']"
Cameron Norrie,2021,Wimbledon,['R32']
Cameron Norrie,2021,Los Cabos,['F']
Cameron Norrie,2021,San Diego,['F']
Cameron Norrie,2021,Indian Wells Masters,"['SF', 'F']"
Cameron Norrie,2021,Paris Masters,['R32']
Cameron Norrie,2021,Tour Finals,['RR']
Cameron Norrie,2022,Delray Beach,['F']
Cameron Norrie,2022,Acapulco,"['QF', 'SF', 'F']"
Cameron Norrie,2022,Indian Wells Masters,['R16']
Cameron Norrie,2022,Monte Carlo Masters,['R32']
Cameron Norrie,2022,Barcelona,['R32']
Cameron Norrie,2022,Lyon,['F']
Cameron Norrie,2022,Eastbourne,['QF']
Cameron Norrie,2022,Wimbledon,"['QF', 'SF']"
Cameron Norrie,2022,Los Cabos,['F']
Cameron Norrie,2022,Canada Masters,"['R64', 'R16', 'R32']"
Cameron Norrie,2022,Cincinnati Masters,"['QF', 'SF']"
Cameron Norrie,2022,US Open,"['R128', 'R32', 'R16']"
Cameron Norrie,2022,Davis Cup Finals,['RR']
Cameron Norrie,2023,Auckland,['F']
Cameron Norrie,2023,Australian Open,['R32']
Cameron Norrie,2023,Buenos Aires,['F']
Cameron Norrie,2023,Rio de Janeiro,"['SF', 'F']"
Cameron Norrie,2023,Indian Wells Masters,['QF']
Cameron Norrie,2023,Monte Carlo Masters,['R64']
Cameron Norrie,2023,Lyon,['SF']
Cameron Norrie,2024,United Cup,['RR']
Cameron Norrie,2024,Australian Open,"['R32', 'R16']"
Cameron Norrie,2024,Rio de Janeiro,"['QF', 'SF']"
Cameron Norrie,2024,Indian Wells Masters,['R32']
Cameron Norrie,2024,Eastbourne,['R32']
David Goffin,2013,Cincinnati Masters,['R16']
David Goffin,2014,Scheveningen CH,['F']
David Goffin,2014,Poznan CH,['SF']
David Goffin,2014,Mons CH,['QF']
David Goffin,2014,Basel,"['R32', 'F']"
David Goffin,2015,Miami Masters,['R32']
David Goffin,2015,Monte Carlo Masters,['R32']
David Goffin,2015,Munich,['QF']
David Goffin,2015,Rome Masters,['R64']
David Goffin,2015,s Hertogenbosch,"['R16', 'F', 'SF']"
David Goffin,2015,Gstaad,['F']
David Goffin,2015,Beijing,"['R32', 'R16']"
David Goffin,2015,Basel,['QF']
David Goffin,2015,Paris Masters,['R16']
David Goffin,2015,Davis Cup World Group F,['RR']
David Goffin,2016,Indian Wells Masters,"['QF', 'SF']"
David Goffin,2016,Miami Masters,"['R32', 'SF']"
David Goffin,2016,Monte Carlo Masters,['R16']
David Goffin,2016,Madrid Masters,['R64']
David Goffin,2016,Rome Masters,['QF']
David Goffin,2016,Cincinnati Masters,['R64']
David Goffin,2016,Tokyo,['F']
David Goffin,2016,Tour Finals,['RR']
David Goffin,2017,Australian Open,"['R16', 'QF']"
David Goffin,2017,Sofia,"['QF', 'F']"
David Goffin,2017,Rotterdam,['F']
David Goffin,2017,Indian Wells Masters,"['R64', 'R32', 'R16']"
David Goffin,2017,Miami Masters,['R16']
David Goffin,2017,Monte Carlo Masters,"['R16', 'QF', 'SF']"
David Goffin,2017,Roland Garros,['R64']
David Goffin,2017,Canada Masters,"['R64', 'R32']"
David Goffin,2017,Cincinnati Masters,['R64']
David Goffin,2017,US Open,['R16']
David Goffin,2017,Shenzhen,['F']
David Goffin,2017,Tokyo,['F']
David Goffin,2017,Antwerp,['QF']
David Goffin,2017,Paris Masters,['R32']
David Goffin,2017,Tour Finals,"['RR', 'RR', 'SF', 'F']"
David Goffin,2018,Hopman Cup,['RR']
David Goffin,2018,Monte Carlo Masters,"['R32', 'QF']"
David Goffin,2018,Rome Masters,['QF']
David Goffin,2018,Roland Garros,"['R32', 'R16']"
David Goffin,2018,Cincinnati Masters,"['QF', 'SF']"
David Goffin,2019,Australian Open,"['R64', 'R32']"
David Goffin,2019,Marseille,['SF']
David Goffin,2019,Miami Masters,['R64']
David Goffin,2019,Rome Masters,['R32']
David Goffin,2019,Halle,['F']
David Goffin,2019,Wimbledon,"['R32', 'R16', 'QF']"
David Goffin,2019,Cincinnati Masters,"['SF', 'F']"
David Goffin,2019,Shanghai Masters,['R16']
David Goffin,2020,Rotterdam,['R32']
David Goffin,2021,Montpellier,['F']
David Goffin,2021,Rotterdam,['R32']
David Goffin,2022,Australian Open,['R128']
David Goffin,2022,Montpellier,['R16']
David Goffin,2022,Marrakech,['F']
David Goffin,2022,Madrid Masters,['R16']
David Goffin,2022,Rome Masters,['R64']
David Goffin,2022,Roland Garros,['R32']
David Goffin,2022,Halle,['R32']
David Goffin,2022,Wimbledon,"['R16', 'QF']"
David Goffin,2022,US Open,['R128']
David Goffin,2022,Metz,['R32']
David Goffin,2022,Astana,['R32']
David Goffin,2022,Antwerp,['R32']
David Goffin,2022,Basel,['R32']
David Goffin,2023,Barcelona,['R64']
David Goffin,2023,Lyon,['R32']
David Goffin,2023,Roland Garros,['R128']
David Goffin,2024,Rotterdam,['R32']
David Goffin,2024,Wimbledon,['R128']
David Goffin,2024,Winston Salem,['SF']
David Goffin,2024,US Open,['R64']
David Goffin,2024,Shanghai Masters,['QF']
Roberto Carballes Baena,2015,Quito,['Q3']
Roberto Carballes Baena,2017,Rio de Janeiro,['R16']
Roberto Carballes Baena,2018,Quito,['F']
Roberto Carballes Baena,2019,Buenos Aires,['R16']
Roberto Carballes Baena,2019,Rio de Janeiro,['R16']
Roberto Carballes Baena,2019,Murcia CH,['F']
Roberto Carballes Baena,2019,Bastad,['R32']
Roberto Carballes Baena,2019,Gstaad,['R16']
Roberto Carballes Baena,2019,St Petersburg,['R16']
Roberto Carballes Baena,2020,Campinas CH,['F']
Roberto Carballes Baena,2021,Australian Open,['R64']
Roberto Carballes Baena,2021,Murcia CH,['F']
Roberto Carballes Baena,2022,Amersfoort CH,['F']
Roberto Carballes Baena,2022,Umag,['QF']
Roberto Carballes Baena,2022,Florence,['R16']
Roberto Carballes Baena,2022,Naples,['R32']
Roberto Carballes Baena,2023,Australian Open,['R128']
Roberto Carballes Baena,2023,Miami Masters,['R64']
Roberto Carballes Baena,2023,Marrakech,['F']
Roberto Carballes Baena,2023,Rome,['R64']
Roberto Carballes Baena,2023,US Open,['R128']
Roberto Carballes Baena,2024,Miami Masters,['R64']
Roberto Carballes Baena,2024,Indian Wells Masters,['R64']
Roberto Carballes Baena,2024,Marrakech,['F']
Roberto Carballes Baena,2024,Barcelona,['R32']
Roberto Carballes Baena,2024,Bordeaux CH,['R16']
Roberto Carballes Baena,2024,Roland Garros,['R64']
Roberto Carballes Baena,2024,Braunschweig CH,['F']
Fabian Marozsan,2021,Davis Cup Finals,['RR']
Fabian Marozsan,2022,Alicante CH,['QF']
Fabian Marozsan,2023,Rome Masters,['R32']
Fabian Marozsan,2023,Shanghai Masters,"['R64', 'R32', 'R16', 'QF']"
Fabian Marozsan,2024,Auckland,['R16']
Fabian Marozsan,2024,Indian Wells Masters,"['R32', 'R16']"
Fabian Marozsan,2024,Miami Masters,"['R64', 'R16', 'QF']"
Fabian Marozsan,2024,Rome Masters,['R128']
Fabian Marozsan,2024,US Open,['R64']
Adrian Mannarino,2014,Miami Masters,['R64']
Adrian Mannarino,2014,Roland Garros,['R64']
Adrian Mannarino,2014,Paris Masters,['R64']
Adrian Mannarino,2015,Auckland,['F']
Adrian Mannarino,2015,Delray Beach,['QF']
Adrian Mannarino,2015,Indian Wells Masters,['R32']
Adrian Mannarino,2015,Geneva,['R16']
Adrian Mannarino,2015,Bogota,"['F', 'QF']"
Adrian Mannarino,2015,Shenzhen,['R16']
Adrian Mannarino,2015,Paris Masters,['R64']
Adrian Mannarino,2016,Miami Masters,['R32']
Adrian Mannarino,2017,Acapulco,"['R32', 'R16']"
Adrian Mannarino,2017,Monte Carlo Masters,['R32']
Adrian Mannarino,2017,Antalya,['F']
Adrian Mannarino,2017,Tokyo,['F']
Adrian Mannarino,2017,Basel,['R32']
Adrian Mannarino,2017,Paris Masters,"['R64', 'R32']"
Adrian Mannarino,2018,Barcelona,['R16']
Adrian Mannarino,2018,Queens Club,['QF']
Adrian Mannarino,2018,Antalya,['F']
Adrian Mannarino,2018,Wimbledon,['R16']
Adrian Mannarino,2018,Moscow,"['R32', 'R16', 'SF', 'F']"
Adrian Mannarino,2019,Miami Masters,['R64']
Adrian Mannarino,2019,s Hertogenbosch,['F']
Adrian Mannarino,2019,Washington,['R32']
Adrian Mannarino,2019,Zhuhai,['F']
Adrian Mannarino,2019,Moscow,['F']
Adrian Mannarino,2020,Nur Sultan,"['SF', 'F']"
Adrian Mannarino,2021,Rotterdam,['R32']
Adrian Mannarino,2021,Wimbledon,['R128']
Adrian Mannarino,2022,Australian Open,"['R64', 'R32']"
Adrian Mannarino,2022,Montpellier,['R16']
Adrian Mannarino,2022,Dallas,['QF']
Adrian Mannarino,2022,Acapulco,['R32']
Adrian Mannarino,2022,Indian Wells Masters,['R128']
Adrian Mannarino,2022,Wimbledon,['R128']
Adrian Mannarino,2022,Washington,['R32']
Adrian Mannarino,2022,Winston Salem,"['QF', 'F']"
Adrian Mannarino,2022,US Open,['R128']
Adrian Mannarino,2022,Astana,['QF']
Adrian Mannarino,2022,Paris Masters,['R64']
Adrian Mannarino,2023,Australian Open,"['R128', 'R64']"
Adrian Mannarino,2023,Delray Beach,['QF']
Adrian Mannarino,2023,Indian Wells Masters,"['R64', 'R32']"
Adrian Mannarino,2023,Miami Masters,"['R64', 'R32']"
Adrian Mannarino,2023,s Hertogenbosch,['R16']
Adrian Mannarino,2023,Queens Club,['R32']
Adrian Mannarino,2023,Mallorca,['F']
Adrian Mannarino,2023,Wimbledon,"['R128', 'R64']"
Adrian Mannarino,2023,Newport,['F']
Adrian Mannarino,2023,Astana,['F']
Adrian Mannarino,2023,Shanghai Masters,['R32']
Adrian Mannarino,2023,Paris Masters,['R64']
Adrian Mannarino,2023,Sofia,"['QF', 'F']"
Adrian Mannarino,2024,United Cup,"['QF', 'SF']"
Adrian Mannarino,2024,Australian Open,"['R128', 'R32', 'R16']"
Adrian Mannarino,2024,Dallas,['SF']
Adrian Mannarino,2024,Indian Wells Masters,"['R64', 'R32']"
Adrian Mannarino,2024,Queens Club,['R32']
Adrian Mannarino,2024,Wimbledon,['R128']
Adrian Mannarino,2024,US Open,['R64']
Adrian Mannarino,2024,Chengdu,['QF']
Miomir Kecmanovic,2017,Suzhou,['F']
Miomir Kecmanovic,2019,Indian Wells Masters,"['R64', 'R32', 'QF']"
Miomir Kecmanovic,2019,Miami Masters,['R32']
Miomir Kecmanovic,2019,Halle,['R32']
Miomir Kecmanovic,2019,Antalya,['F']
Miomir Kecmanovic,2019,Cincinnati Masters,"['R64', 'R32']"
Miomir Kecmanovic,2019,US Open,['R64']
Miomir Kecmanovic,2019,Shanghai Masters,['R64']
Miomir Kecmanovic,2019,NextGen Finals,"['RR', 'SF']"
Miomir Kecmanovic,2020,Doha,['SF']
Miomir Kecmanovic,2020,New York,['QF']
Miomir Kecmanovic,2020,Acapulco,['R32']
Miomir Kecmanovic,2020,Kitzbuhel,['F']
Miomir Kecmanovic,2021,Acapulco,['R16']
Miomir Kecmanovic,2021,Madrid Masters,['R64']
Miomir Kecmanovic,2021,Davis Cup Finals,['QF']
Miomir Kecmanovic,2022,Australian Open,"['R32', 'R16']"
Miomir Kecmanovic,2022,Miami Masters,"['R128', 'R64', 'QF']"
Miomir Kecmanovic,2022,Belgrade,['R32']
Miomir Kecmanovic,2022,Munich,"['R32', 'SF']"
Miomir Kecmanovic,2022,Madrid Masters,['R64']
Miomir Kecmanovic,2022,Roland Garros,['R32']
Miomir Kecmanovic,2022,US Open,['R128']
Miomir Kecmanovic,2022,Seoul,['R32']
Miomir Kecmanovic,2022,Basel,['R16']
Miomir Kecmanovic,2023,Adelaide,['R16']
Miomir Kecmanovic,2023,Australian Open,['R128']
Miomir Kecmanovic,2023,Delray Beach,['F']
Miomir Kecmanovic,2023,Miami Masters,['R32']
Miomir Kecmanovic,2023,Estoril,['F']
Miomir Kecmanovic,2023,Monte Carlo Masters,['R64']
Miomir Kecmanovic,2023,Banja Luka,['QF']
Miomir Kecmanovic,2023,s Hertogenbosch,['R32']
Miomir Kecmanovic,2023,Canada Masters,['R32']
Miomir Kecmanovic,2024,Australian Open,['R16']
Miomir Kecmanovic,2024,Monte Carlo Masters,['R64']
Miomir Kecmanovic,2024,Eastbourne,['R16']
Miomir Kecmanovic,2024,Wimbledon,['R32']
Miomir Kecmanovic,2024,US Open,['R64']
Alexander Shevchenko,2022,Kitzbuhel,['R32']
Alexander Shevchenko,2023,Dubai,['R32']
Alexander Shevchenko,2023,Madrid CH,['F']
Alexander Shevchenko,2023,Madrid Masters,"['R64', 'R32']"
Alexander Shevchenko,2023,Rome Masters,['R32']
Alexander Shevchenko,2023,Wimbledon,['R128']
Alexander Shevchenko,2023,Bastad,['R16']
Alexander Shevchenko,2023,Metz,"['SF', 'F']"
Alexander Shevchenko,2024,Brisbane,['R16']
Alexander Shevchenko,2024,Marseille,['R16']
Alexander Shevchenko,2024,Rotterdam,['R16']
Alexander Shevchenko,2024,Dubai,['R32']
Alexander Shevchenko,2024,Miami Masters,['R64']
Alexander Shevchenko,2024,Madrid Masters,['R64']
Alexander Shevchenko,2024,Rome Masters,['R128']
Roman Safiullin,2017,Moscow,['R32']
Roman Safiullin,2019,Samarkand CH,['R32']
Roman Safiullin,2022,ATP Cup,['RR']
Roman Safiullin,2022,Australian Open,['R128']
Roman Safiullin,2022,Tel Aviv,['SF']
Roman Safiullin,2023,Wimbledon,"['R128', 'R16', 'QF']"
Roman Safiullin,2023,Chengdu,['F']
Roman Safiullin,2023,Shanghai Masters,['R32']
Roman Safiullin,2023,Paris Masters,"['R32', 'R16']"
Roman Safiullin,2024,Australian Open,['R128']
Roman Safiullin,2024,Acapulco,['R32']
Roman Safiullin,2024,Indian Wells Masters,['R64']
Roman Safiullin,2024,Monte Carlo Masters,['R32']
Roman Safiullin,2024,Shanghai Masters,['R16']
Arthur Rinderknech,2020,Drummondville CH,['F']
Arthur Rinderknech,2021,Antwerp,['QF']
Arthur Rinderknech,2022,Adelaide,['F']
Arthur Rinderknech,2022,Doha,['QF']
Arthur Rinderknech,2022,Miami Masters,['R64']
Arthur Rinderknech,2022,Metz,['QF']
Arthur Rinderknech,2022,Gijon,['QF']
Arthur Rinderknech,2022,Basel,['QF']
Arthur Rinderknech,2023,Rome Masters,['R64']
Arthur Rinderknech,2023,Roland Garros,['R64']
Arthur Rinderknech,2023,Queens Club,['R32']
Arthur Rinderknech,2024,Marseille,['R16']
Arthur Rinderknech,2024,Stuttgart,['R16']
Arthur Rinderknech,2024,Washington,['R16']
Arthur Rinderknech,2024,Canada Masters,['R16']
Alejandro Davidovich Fokina,2018,Szczecin CH,['F']
Alejandro Davidovich Fokina,2019,Estoril,"['QF', 'SF']"
Alejandro Davidovich Fokina,2019,Madrid Masters,['R64']
Alejandro Davidovich Fokina,2019,NextGen Finals,['RR']
Alejandro Davidovich Fokina,2020,Australian Open,['R64']
Alejandro Davidovich Fokina,2020,Rio de Janeiro,['R32']
Alejandro Davidovich Fokina,2020,Roland Garros,['R64']
Alejandro Davidovich Fokina,2020,Cologne,['QF']
Alejandro Davidovich Fokina,2021,Montpellier,['R16']
Alejandro Davidovich Fokina,2021,Rotterdam,['R16']
Alejandro Davidovich Fokina,2021,Monte Carlo Masters,['R32']
Alejandro Davidovich Fokina,2021,Rome Masters,['R64']
Alejandro Davidovich Fokina,2021,Roland Garros,"['R64', 'R32', 'QF']"
Alejandro Davidovich Fokina,2021,Tokyo Olympics,['R16']
Alejandro Davidovich Fokina,2021,Canada Masters,['R64']
Alejandro Davidovich Fokina,2021,Cincinnati Masters,['R64']
Alejandro Davidovich Fokina,2021,Antwerp,['QF']
Alejandro Davidovich Fokina,2021,Paris Masters,['R64']
Alejandro Davidovich Fokina,2022,Monte Carlo Masters,"['R32', 'SF', 'F']"
Alejandro Davidovich Fokina,2022,Madrid Masters,['R32']
Alejandro Davidovich Fokina,2022,Rome Masters,['R32']
Alejandro Davidovich Fokina,2022,Queens Club,['QF']
Alejandro Davidovich Fokina,2022,Wimbledon,"['R128', 'R64']"
Alejandro Davidovich Fokina,2022,Cincinnati Masters,['R64']
Alejandro Davidovich Fokina,2022,US Open,['R128']
Alejandro Davidovich Fokina,2022,Gijon,['R32']
Alejandro Davidovich Fokina,2023,Adelaide,['QF']
Alejandro Davidovich Fokina,2023,Australian Open,['R128']
Alejandro Davidovich Fokina,2023,Rotterdam,['R32']
Alejandro Davidovich Fokina,2023,Dubai,"['R32', 'R16']"
Alejandro Davidovich Fokina,2023,Indian Wells Masters,['QF']
Alejandro Davidovich Fokina,2023,Miami Masters,['R64']
Alejandro Davidovich Fokina,2023,Monte Carlo Masters,['R64']
Alejandro Davidovich Fokina,2023,Madrid Masters,['R16']
Alejandro Davidovich Fokina,2023,Rome Masters,['R32']
Alejandro Davidovich Fokina,2023,Roland Garros,['R32']
Alejandro Davidovich Fokina,2023,Canada Masters,"['R32', 'SF']"
Alejandro Davidovich Fokina,2023,Shanghai Masters,['R64']
Alejandro Davidovich Fokina,2023,Paris Masters,['R64']
Alejandro Davidovich Fokina,2024,United Cup,['RR']
Alejandro Davidovich Fokina,2024,Marseille,['QF']
Alejandro Davidovich Fokina,2024,Dubai,['QF']
Alejandro Davidovich Fokina,2024,Indian Wells Masters,['R64']
Alejandro Davidovich Fokina,2024,Roland Garros,"['R128', 'R64']"
Alejandro Davidovich Fokina,2024,Canada Masters,['R32']
Jaume Munar,2018,Roland Garros,['R64']
Jaume Munar,2018,Prostejov CH,['F']
Jaume Munar,2018,US Open,['R64']
Jaume Munar,2018,NextGen Finals,['RR']
Jaume Munar,2019,Cordoba,"['R32', 'QF']"
Jaume Munar,2019,Buenos Aires,"['R16', 'QF']"
Jaume Munar,2019,Rio de Janeiro,['QF']
Jaume Munar,2019,Indian Wells Masters,['R128']
Jaume Munar,2019,Marrakech,['R16']
Jaume Munar,2019,Bastad,['R32']
Jaume Munar,2019,Florence CH,['R16']
Jaume Munar,2021,Marbella,['F']
Jaume Munar,2021,Roland Garros,['R64']
Jaume Munar,2022,Australian Open,['R128']
Jaume Munar,2022,Rio de Janeiro,['R32']
Jaume Munar,2022,Gstaad,['QF']
Jaume Munar,2022,Cincinnati Masters,['R64']
Jaume Munar,2022,Tokyo,['R16']
Jaume Munar,2023,Buenos Aires,['R16']
Jaume Munar,2023,Indian Wells Masters,['R128']
Jaume Munar,2024,Cordoba,['R16']
Jaume Munar,2024,Indian Wells Masters,['R128']
Jaume Munar,2024,Antwerp,['R32']
Yoshihito Nishioka,2014,Vicenza CH,['QF']
Yoshihito Nishioka,2015,Hong Kong CH,['SF']
Yoshihito Nishioka,2015,Kobe CH,['R16']
Yoshihito Nishioka,2016,Winnetka CH,['F']
Yoshihito Nishioka,2016,Atlanta,['SF']
Yoshihito Nishioka,2017,Acapulco,['QF']
Yoshihito Nishioka,2017,Indian Wells Masters,['R16']
Yoshihito Nishioka,2018,Indian Wells Masters,['R128']
Yoshihito Nishioka,2018,Houston,['R32']
Yoshihito Nishioka,2018,US Open,['R128']
Yoshihito Nishioka,2018,Shenzhen,"['QF', 'SF', 'F']"
Yoshihito Nishioka,2018,Tokyo,['R32']
Yoshihito Nishioka,2019,Delray Beach,['R32']
Yoshihito Nishioka,2019,Roland Garros,['R64']
Yoshihito Nishioka,2019,Cincinnati Masters,"['R64', 'R16']"
Yoshihito Nishioka,2019,US Open,['R64']
Yoshihito Nishioka,2020,Delray Beach,"['QF', 'F']"
Yoshihito Nishioka,2021,Madrid Masters,['R32']
Yoshihito Nishioka,2021,Indian Wells Masters,['R64']
Yoshihito Nishioka,2022,Acapulco,['QF']
Yoshihito Nishioka,2022,Washington,"['R32', 'F', 'SF']"
Yoshihito Nishioka,2022,Canada Masters,"['R32', 'R64']"
Yoshihito Nishioka,2022,US Open,['R128']
Yoshihito Nishioka,2022,Seoul,"['QF', 'F']"
Yoshihito Nishioka,2022,Paris Masters,"['R64', 'R32']"
Yoshihito Nishioka,2023,Adelaide,['R32']
Yoshihito Nishioka,2023,Indian Wells Masters,['R64']
Yoshihito Nishioka,2023,Roland Garros,"['R32', 'R16']"
Yoshihito Nishioka,2023,Wimbledon,['R128']
Yoshihito Nishioka,2023,Zhuhai,['F']
Yoshihito Nishioka,2023,Shanghai Masters,['R64']
Yoshihito Nishioka,2023,Paris Masters,['R32']
Yoshihito Nishioka,2024,Wimbledon,['R64']
Yoshihito Nishioka,2024,Atlanta,['F']
Yoshihito Nishioka,2024,Cincinnati Masters,['R32']
Zizou Bergs,2021,Lille CH,['F']
Zizou Bergs,2023,Miami Masters,['R128']
Zizou Bergs,2024,Australian Open,['R128']
Zizou Bergs,2024,Rotterdam,"['Q2', 'R32']"
Zizou Bergs,2024,Miami Masters,['Q2']
Zizou Bergs,2024,Davis Cup World Group,['RR']
Facundo Diaz Acosta,2022,Coquimbo CH,['F']
Facundo Diaz Acosta,2023,Heilbronn CH,['F']
Facundo Diaz Acosta,2023,US Open,['R128']
Facundo Diaz Acosta,2024,Cordoba,['R32']
Facundo Diaz Acosta,2024,Buenos Aires,['F']
Facundo Diaz Acosta,2024,Barcelona,['R64']
Botic Van De Zandschulp,2019,Hamburg CH,"['R16', 'QF', 'SF', 'F']"
Botic Van De Zandschulp,2019,Davis Cup Finals,['RR']
Botic Van De Zandschulp,2020,Koblenz CH,"['SF', 'F']"
Botic Van De Zandschulp,2020,Ismaning CH,"['SF', 'F']"
Botic Van De Zandschulp,2021,Great Ocean Road Open,"['R64', 'R16', 'QF']"
Botic Van De Zandschulp,2021,Australian Open,['R128']
Botic Van De Zandschulp,2021,Roland Garros,"['Q3', 'R128', 'R64']"
Botic Van De Zandschulp,2021,Wimbledon,"['R128', 'R64']"
Botic Van De Zandschulp,2021,Amersfoort CH,['F']
Botic Van De Zandschulp,2021,Poznan CH,['QF']
Botic Van De Zandschulp,2021,US Open,"['Q1', 'Q2', 'Q3', 'R128', 'R64', 'R32', 'R16', 'QF']"
Botic Van De Zandschulp,2021,Davis Cup Group I,['RR']
Botic Van De Zandschulp,2021,Indian Wells Masters,['R128']
Botic Van De Zandschulp,2021,Antwerp,['R16']
Botic Van De Zandschulp,2021,French Club,['RR']
Botic Van De Zandschulp,2021,Dutch Championships,['F']
Botic Van De Zandschulp,2022,Melbourne,['QF']
Botic Van De Zandschulp,2022,Australian Open,['R32']
Botic Van De Zandschulp,2022,Davis Cup Qualifiers,['RR']
Botic Van De Zandschulp,2022,Indian Wells Masters,['R64']
Botic Van De Zandschulp,2022,Miami Masters,['R128']
Botic Van De Zandschulp,2022,Munich,"['R16', 'QF', 'SF', 'F']"
Botic Van De Zandschulp,2022,Rome Masters,['R32']
Botic Van De Zandschulp,2022,Roland Garros,"['R128', 'R32']"
Botic Van De Zandschulp,2022,Queens Club,['QF']
Botic Van De Zandschulp,2022,Wimbledon,"['R128', 'R16']"
Botic Van De Zandschulp,2022,Canada Masters,['R32']
Botic Van De Zandschulp,2022,Cincinnati Masters,['R32']
Botic Van De Zandschulp,2022,Winston Salem,['R32']
Botic Van De Zandschulp,2022,US Open,"['R128', 'R64']"
Botic Van De Zandschulp,2022,Davis Cup Finals,"['RR', 'QF']"
Botic Van De Zandschulp,2022,Astana,['R16']
Botic Van De Zandschulp,2022,Basel,['R16']
Botic Van De Zandschulp,2022,Dutch Championships,['F']
Botic Van De Zandschulp,2023,Pune,['SF']
Botic Van De Zandschulp,2023,Australian Open,['R64']
Botic Van De Zandschulp,2023,Rotterdam,['R16']
Botic Van De Zandschulp,2023,Dubai,['R16']
Botic Van De Zandschulp,2023,Indian Wells Masters,['R64']
Botic Van De Zandschulp,2023,Miami Masters,"['R32', 'R16']"
Botic Van De Zandschulp,2023,Marrakech,['R16']
Botic Van De Zandschulp,2023,Monte Carlo Masters,"['R64', 'R32']"
Botic Van De Zandschulp,2023,Munich,"['SF', 'F']"
Botic Van De Zandschulp,2023,Roland Garros,['R128']
Botic Van De Zandschulp,2023,Davis Cup Finals,"['RR', 'RR', 'QF']"
Botic Van De Zandschulp,2023,Paris Masters,"['R64', 'R16']"
Botic Van De Zandschulp,2024,Australian Open,['R128']
Botic Van De Zandschulp,2024,Davis Cup Qualifiers,"['RR', 'RR']"
Botic Van De Zandschulp,2024,Rotterdam,['R32']
Botic Van De Zandschulp,2024,Doha,['R32']
Botic Van De Zandschulp,2024,Miami Masters,['R64']
Botic Van De Zandschulp,2024,Madrid Masters,['R128']
Botic Van De Zandschulp,2024,Braunschweig CH,['F']
Botic Van De Zandschulp,2024,Luedenscheid,['F']
Botic Van De Zandschulp,2024,US Open,"['R64', 'R32']"
Botic Van De Zandschulp,2024,Davis Cup World Group,"['RR', 'RR', 'RR']"
Botic Van De Zandschulp,2024,Shanghai Masters,['R64']
Alexandre Muller,2019,Glasgow CH,['F']
Alexandre Muller,2023,Marrakech,['F']
Alexandre Muller,2023,Roland Garros,['R128']
Alexandre Muller,2023,Wimbledon,['R64']
Alexandre Muller,2023,Gstaad,['R32']
Alexandre Muller,2023,US Open,['R128']
Alexandre Muller,2024,Indian Wells Masters,['R64']
Alexandre Muller,2024,Barcelona,['R32']
Alexandre Muller,2024,Rome Masters,['R16']
Alexandre Muller,2024,Stockholm,['R16']
James Duckworth,2014,Australian Open,['R128']
James Duckworth,2014,Charlottesville CH,['F']
James Duckworth,2015,Ho Chi Minh City CH,['R16']
James Duckworth,2018,Wimbledon,['R128']
James Duckworth,2019,Playford CH,['F']
James Duckworth,2020,Pune,['SF']
James Duckworth,2021,Nur Sultan,['F']
James Duckworth,2021,Paris Masters,['QF']
James Duckworth,2022,Winston Salem,['R32']
James Duckworth,2023,Playford CH,['F']
James Duckworth,2024,Halle,['R16']
Corentin Moutet,2017,Lyon CH,['R32']
Corentin Moutet,2018,Bastad CH,['F']
Corentin Moutet,2018,Istanbul CH,['SF']
Corentin Moutet,2019,Chennai CH,['F']
Corentin Moutet,2019,Dubai,['R32']
Corentin Moutet,2019,Wimbledon,['R64']
Corentin Moutet,2019,Gstaad,['R32']
Corentin Moutet,2019,Stockholm,['R32']
Corentin Moutet,2020,Doha,"['SF', 'F']"
Corentin Moutet,2020,US Open,['R32']
Corentin Moutet,2020,Roland Garros,['R128']
Corentin Moutet,2022,US Open,"['R64', 'R16']"
Corentin Moutet,2022,Orleans CH,['R16']
Corentin Moutet,2022,Paris Masters,['R16']
Corentin Moutet,2023,Halle,['R32']
Corentin Moutet,2024,Santiago,['SF']
Corentin Moutet,2024,Rome Masters,['R64']
Corentin Moutet,2024,Roland Garros,['R16']
Christopher Oconnell,2015,Canberra CH,['R32']
Christopher Oconnell,2020,Australian Open,['R128']
Christopher Oconnell,2022,Australian Open,['R128']
Christopher Oconnell,2023,Doha,['QF']
Christopher Oconnell,2023,Marrakech,['R16']
Christopher Oconnell,2023,Munich,"['QF', 'SF']"
Christopher Oconnell,2023,Stuttgart,"['R32', 'QF']"
Christopher Oconnell,2023,US Open,['R64']
Christopher Oconnell,2024,Australian Open,['R128']
Christopher Oconnell,2024,Dubai,['R16']
Christopher Oconnell,2024,Miami Masters,['R16']
Christopher Oconnell,2024,US Open,['R32']
Christopher Oconnell,2024,Chengdu,['R16']
Aleksandar Vukic,2019,Cordenons CH,['R16']
Aleksandar Vukic,2020,Australian Open,['Q1']
Aleksandar Vukic,2020,Columbus CH,"['R32', 'R16', 'QF']"
Aleksandar Vukic,2020,Roland Garros,"['Q1', 'Q2', 'Q3']"
Aleksandar Vukic,2022,Adelaide,['QF']
Aleksandar Vukic,2023,Roland Garros,['Q1']
Aleksandar Vukic,2023,Atlanta,['F']
Aleksandar Vukic,2024,Indian Wells Masters,['R64']
Aleksandar Vukic,2024,Monte Carlo Masters,['Q1']
Hugo Gaston,2020,Roland Garros,"['R32', 'R16']"
Hugo Gaston,2021,Gstaad,"['QF', 'F']"
Hugo Gaston,2021,Paris Masters,['R16']
Hugo Gaston,2021,NextGen Finals,"['RR', 'RR', 'RR']"
Hugo Gaston,2021,French Club,['RR']
Hugo Gaston,2022,s Hertogenbosch,['QF']
Hugo Gaston,2022,Gstaad,['R32']
Hugo Gaston,2022,US Open,['R128']
Hugo Gaston,2023,US Open,['Q2']
Hugo Gaston,2024,Rotterdam,['Q1']
Hugo Gaston,2024,Kitzbuhel,['F']
Dusan Lajovic,2014,Miami Masters,['R32']
Dusan Lajovic,2014,Roland Garros,['R16']
Dusan Lajovic,2015,Doha,['R32']
Dusan Lajovic,2016,Quito,['R32']
Dusan Lajovic,2016,Kitzbuhel,['SF']
Dusan Lajovic,2017,Rio de Janeiro,['R16']
Dusan Lajovic,2017,US Open,['R128']
Dusan Lajovic,2018,Monte Carlo Masters,['R64']
Dusan Lajovic,2018,Madrid Masters,['QF']
Dusan Lajovic,2018,Roland Garros,['R64']
Dusan Lajovic,2018,Wimbledon,['R128']
Dusan Lajovic,2018,Beijing,['R16']
Dusan Lajovic,2018,Moscow,['R16']
Dusan Lajovic,2019,Doha,['QF']
Dusan Lajovic,2019,Indian Wells Masters,['R128']
Dusan Lajovic,2019,Monte Carlo Masters,"['QF', 'SF', 'F']"
Dusan Lajovic,2019,Madrid Masters,['R64']
Dusan Lajovic,2019,Umag,"['QF', 'F']"
Dusan Lajovic,2019,Gstaad,['QF']
Dusan Lajovic,2019,Beijing,['R32']
Dusan Lajovic,2019,Shanghai Masters,['R64']
Dusan Lajovic,2020,ATP Cup,"['QF', 'SF', 'F']"
Dusan Lajovic,2021,Canada Masters,['R16']
Dusan Lajovic,2022,Madrid Masters,['R16']
Dusan Lajovic,2023,Australian Open,['R128']
Dusan Lajovic,2023,Buenos Aires,['QF']
Dusan Lajovic,2023,Miami Masters,['R32']
Dusan Lajovic,2023,Banja Luka,"['R16', 'QF', 'F']"
Dusan Lajovic,2023,Geneva,['R32']
Dusan Lajovic,2023,Shanghai Masters,['R32']
Dusan Lajovic,2023,Basel,['R32']
Dusan Lajovic,2024,Buenos Aires,['R32']
Dusan Lajovic,2024,Indian Wells Masters,['R128']
Dusan Lajovic,2024,Miami Masters,['R128']
Dusan Lajovic,2024,Barcelona,['R32']
Dusan Lajovic,2024,Madrid Masters,['R128']
Dusan Lajovic,2024,Umag,['QF']
Pavel Kotov,2020,St Petersburg,['R32']
Pavel Kotov,2021,Stockholm,['R32']
Pavel Kotov,2022,Roland Garros,['R128']
Pavel Kotov,2023,Dubai,['R16']
Pavel Kotov,2023,Stockholm,['F']
Pavel Kotov,2024,Roland Garros,['R32']
Pavel Kotov,2024,Stockholm,['R32']
Bu Yunchaokete,2023,Shanghai Masters,['R64']
Bu Yunchaokete,2024,US Open,['R128']
Bu Yunchaokete,2024,Hangzhou,['SF']
Bu Yunchaokete,2024,Beijing,['SF']
Fabio Fognini,2012,Olympics,['R64']
Fabio Fognini,2013,Monte Carlo Masters,"['QF', 'SF']"
Fabio Fognini,2013,Hamburg,['F']
Fabio Fognini,2013,Beijing,['QF']
Fabio Fognini,2014,Miami Masters,['R16']
Fabio Fognini,2014,Munich,['SF']
Fabio Fognini,2014,Davis Cup World Group SF,['RR']
Fabio Fognini,2014,Paris Masters,['R32']
Fabio Fognini,2015,Sao Paulo,['QF']
Fabio Fognini,2015,Rio de Janeiro,"['SF', 'F']"
Fabio Fognini,2015,Barcelona,['R16']
Fabio Fognini,2015,Munich,['R16']
Fabio Fognini,2015,Rome Masters,['R64']
Fabio Fognini,2015,Umag,['R32']
Fabio Fognini,2015,Hamburg,['F']
Fabio Fognini,2015,US Open,['R32']
Fabio Fognini,2015,Beijing,['R16']
Fabio Fognini,2016,Monte Carlo Masters,['R64']
Fabio Fognini,2016,Umag,['F']
Fabio Fognini,2016,Moscow,['F']
Fabio Fognini,2017,Indian Wells Masters,['R64']
Fabio Fognini,2017,Miami Masters,"['QF', 'SF']"
Fabio Fognini,2017,Madrid Masters,['R32']
Fabio Fognini,2017,Umag,['QF']
Fabio Fognini,2017,Gstaad,['F']
Fabio Fognini,2017,Kitzbuhel,['SF']
Fabio Fognini,2017,Cincinnati Masters,['R32']
Fabio Fognini,2017,St Petersburg,['F']
Fabio Fognini,2017,Stockholm,['SF']
Fabio Fognini,2017,Vienna,['R32']
Fabio Fognini,2018,Sao Paulo,['F']
Fabio Fognini,2018,Rome Masters,['QF']
Fabio Fognini,2018,Bastad,['F']
Fabio Fognini,2018,Los Cabos,['F']
Fabio Fognini,2018,Chengdu,['F']
Fabio Fognini,2019,Australian Open,['R32']
Fabio Fognini,2019,Cordoba,['R16']
Fabio Fognini,2019,Buenos Aires,['R16']
Fabio Fognini,2019,Indian Wells Masters,['R64']
Fabio Fognini,2019,Miami Masters,['R32']
Fabio Fognini,2019,Monte Carlo Masters,"['R64', 'QF', 'SF', 'F']"
Fabio Fognini,2019,Madrid Masters,"['R64', 'R16']"
Fabio Fognini,2019,Wimbledon,"['R128', 'R32']"
Fabio Fognini,2019,Canada Masters,['R32']
Fabio Fognini,2019,Laver Cup,['RR']
Fabio Fognini,2019,Shanghai Masters,['QF']
Fabio Fognini,2019,Stockholm,['R16']
Fabio Fognini,2019,Basel,['R16']
Fabio Fognini,2020,ATP Cup,['RR']
Fabio Fognini,2020,Australian Open,"['R32', 'R16']"
Fabio Fognini,2021,ATP Cup,['F']
Fabio Fognini,2021,Monte Carlo Masters,['R16']
Fabio Fognini,2022,Sydney,['R16']
Fabio Fognini,2022,Australian Open,['R128']
Fabio Fognini,2022,Rio de Janeiro,['SF']
Fabio Fognini,2022,Miami Masters,['R32']
Fabio Fognini,2022,Belgrade,['SF']
Fabio Fognini,2022,Rome Masters,['R64']
Fabio Fognini,2022,Canada Masters,['R64']
Fabio Fognini,2023,Rome Masters,"['R128', 'R32']"
Fabio Fognini,2024,Gstaad,['QF']
Thiago Seyboth Wild,2019,Sao Paulo,['R16']
Thiago Seyboth Wild,2020,Rio de Janeiro,['R32']
Thiago Seyboth Wild,2020,Santiago,"['SF', 'F']"
Thiago Seyboth Wild,2021,Roland Garros,['Q1']
Thiago Seyboth Wild,2023,Roland Garros,"['R128', 'R32']"
Thiago Seyboth Wild,2024,United Cup,['RR']
Thiago Seyboth Wild,2024,Australian Open,['R128']
Thiago Seyboth Wild,2024,Rio de Janeiro,['QF']
Thiago Seyboth Wild,2024,Santiago,['R16']
Thiago Seyboth Wild,2024,Indian Wells Masters,['R32']
Thiago Seyboth Wild,2024,Miami Masters,['R64']
Thiago Seyboth Wild,2024,Roland Garros,['R128']
Thiago Seyboth Wild,2024,Wimbledon,['R128']
Thiago Seyboth Wild,2024,Kitzbuhel,['R32']
Sebastian Ofner,2017,Kitzbuhel,['R16']
Sebastian Ofner,2019,Ortisei CH,['F']
Sebastian Ofner,2022,Kitzbuhel,['R16']
Sebastian Ofner,2023,Estoril,['R32']
Sebastian Ofner,2023,Roland Garros,['Q2']
Sebastian Ofner,2023,Salzburg CH,['F']
Sebastian Ofner,2023,Bastad,['QF']
Sebastian Ofner,2023,Astana,['QF']
Sebastian Ofner,2023,Shanghai Masters,['R64']
Sebastian Ofner,2023,Sofia,['QF']
Sebastian Ofner,2024,Barcelona,['R32']
Sebastian Ofner,2024,Mallorca,['F']
Sebastian Ofner,2024,Olympics,"['R64', 'R32']"
Arthur Cazaux,2020,Australian Open Juniors,['F']
Arthur Cazaux,2023,Nottingham CH,['F']
Arthur Cazaux,2024,Australian Open,"['R64', 'R16']"
Arthur Cazaux,2024,Montpellier,['R16']
Arthur Cazaux,2024,Dubai,['R16']
Arthur Cazaux,2024,Roland Garros,['R128']
Sumit Nagal,2019,Hamburg,['R32']
Sumit Nagal,2019,US Open,['Q3']
Sumit Nagal,2019,Banja Luka CH,['F']
Sumit Nagal,2023,Rome CH,['F']
Sumit Nagal,2024,Monte Carlo Masters,['R64']
Daniel Altmaier,2019,Braunschweig CH,['R64']
Daniel Altmaier,2020,Roland Garros,['R32']
Daniel Altmaier,2022,Miami Masters,['R128']
Daniel Altmaier,2023,Madrid Masters,['QF']
Daniel Altmaier,2023,Roland Garros,['R64']
Daniel Altmaier,2023,Stuttgart,['R32']
Daniel Altmaier,2023,Hamburg,['R16']
Daniel Altmaier,2023,Paris Masters,['R64']
Daniel Altmaier,2024,Miami Masters,['R64']
Daniel Altmaier,2024,Madrid Masters,"['R64', 'R32']"
Daniel Altmaier,2024,Sassuolo CH,['F']
Daniel Altmaier,2024,Antwerp,['R16']
Rinky Hijikata,2022,Los Cabos,['R16']
Rinky Hijikata,2023,Australian Open,['R64']
Rinky Hijikata,2023,Cary CH,['QF']
Rinky Hijikata,2023,US Open,['R32']
Rinky Hijikata,2024,Brisbane,"['R32', 'R16', 'QF']"
Rinky Hijikata,2024,Australian Open,['R128']
Rinky Hijikata,2024,Newport,['R32']
Dominik Koepfer,2018,San Francisco CH,['F']
Dominik Koepfer,2018,Houston CH,['QF']
Dominik Koepfer,2019,Dallas CH,['QF']
Dominik Koepfer,2019,US Open,['R64']
Dominik Koepfer,2019,Zhuhai,['R32']
Dominik Koepfer,2020,Australian Open,['R128']
Dominik Koepfer,2020,Rome Masters,['R16']
Dominik Koepfer,2021,Roland Garros,['R32']
Dominik Koepfer,2021,Paris Masters,['R16']
Dominik Koepfer,2023,US Open,['R128']
Dominik Koepfer,2024,Stuttgart,['R16']
Dominik Koepfer,2024,Halle,['R16']
Dominik Koepfer,2024,Olympics,['R16']
Thanasi Kokkinakis,2013,Australian Open Juniors,['F']
Thanasi Kokkinakis,2014,Australian Open,['R64']
Thanasi Kokkinakis,2015,Delray Beach,['R16']
Thanasi Kokkinakis,2015,Queens Club,['R16']
Thanasi Kokkinakis,2015,St Petersburg,['R32']
Thanasi Kokkinakis,2017,Los Cabos,['F']
Thanasi Kokkinakis,2018,Hopman Cup,['RR']
Thanasi Kokkinakis,2018,Miami Masters,['R64']
Thanasi Kokkinakis,2021,Australian Open,['R64']
Thanasi Kokkinakis,2021,Split CH,['R16']
Thanasi Kokkinakis,2022,Adelaide,"['QF', 'SF', 'F']"
Thanasi Kokkinakis,2023,Adelaide,['R16']
Thanasi Kokkinakis,2023,Australian Open,['R64']
Thanasi Kokkinakis,2023,Manama CH,['F']
Thanasi Kokkinakis,2023,Indian Wells Masters,['R64']
Thanasi Kokkinakis,2023,Miami Masters,"['R128', 'R64']"
Thanasi Kokkinakis,2023,Rome Masters,['R64']
Thanasi Kokkinakis,2023,Cincinnati Masters,['R64']
Thanasi Kokkinakis,2023,Shanghai Masters,['R64']
Thanasi Kokkinakis,2024,Brisbane,['R32']
Thanasi Kokkinakis,2024,Indian Wells Masters,['R64']
Thanasi Kokkinakis,2024,Canada Masters,"['R64', 'R64']"
Emil Ruusuvuori,2019,Augsburg CH,['F']
Emil Ruusuvuori,2019,Davis Cup G1 R1,['RR']
Emil Ruusuvuori,2019,Glasgow CH,['F']
Emil Ruusuvuori,2019,Helsinki CH,['F']
Emil Ruusuvuori,2020,Nur Sultan,['SF']
Emil Ruusuvuori,2021,Miami Masters,"['R128', 'R16']"
Emil Ruusuvuori,2021,Washington,['R32']
Emil Ruusuvuori,2022,Pune,['F']
Emil Ruusuvuori,2022,Miami Masters,['R64']
Emil Ruusuvuori,2022,Monte Carlo Masters,['R32']
Emil Ruusuvuori,2022,Barcelona,['R64']
Emil Ruusuvuori,2022,Bastad,['R32']
Emil Ruusuvuori,2022,Hamburg,"['R32', 'R16']"
Emil Ruusuvuori,2022,Washington,['R32']
Emil Ruusuvuori,2022,Canada Masters,"['R64', 'R32']"
Emil Ruusuvuori,2022,Stockholm,['SF']
Emil Ruusuvuori,2022,Vienna,['R16']
Emil Ruusuvuori,2023,Australian Open,['R64']
Emil Ruusuvuori,2023,Indian Wells Masters,['R64']
Emil Ruusuvuori,2023,Miami Masters,"['R64', 'R16', 'QF']"
Emil Ruusuvuori,2023,Monte Carlo Masters,['R64']
Emil Ruusuvuori,2023,Barcelona,['R64']
Emil Ruusuvuori,2023,Madrid Masters,['R64']
Emil Ruusuvuori,2023,Rome Masters,['R64']
Emil Ruusuvuori,2023,s Hertogenbosch,['QF']
Emil Ruusuvuori,2023,Queens Club,['R32']
Emil Ruusuvuori,2023,Wimbledon,['R128']
Emil Ruusuvuori,2023,Cincinnati Masters,['R32']
Emil Ruusuvuori,2024,Hong Kong,"['R16', 'F']"
Emil Ruusuvuori,2024,Australian Open,['R64']
Emil Ruusuvuori,2024,Rotterdam,"['R32', 'R16']"
Emil Ruusuvuori,2024,Indian Wells Masters,['R128']
Emil Ruusuvuori,2024,Miami Masters,['R128']
Emil Ruusuvuori,2024,Eastbourne,['R32']
Emil Ruusuvuori,2024,Wimbledon,['R128']
Emil Ruusuvuori,2024,Washington,['R32']
Gabriel Diallo,2022,Fairfield CH,['F']
Gabriel Diallo,2024,Chicago CH,['R32']
Gabriel Diallo,2024,US Open,['R64']
Gabriel Diallo,2024,Almaty,['F']
Marton Fucsovics,2015,Shenzhen CH,['R16']
Marton Fucsovics,2017,Stuttgart,['R32']
Marton Fucsovics,2017,Davis Cup World Group PO,['RR']
Marton Fucsovics,2017,Basel,['QF']
Marton Fucsovics,2018,Australian Open,['R16']
Marton Fucsovics,2018,Budapest CH,"['R16', 'SF']"
Marton Fucsovics,2018,Geneva,['F']
Marton Fucsovics,2018,Roland Garros,['R64']
Marton Fucsovics,2018,Cincinnati Masters,"['R64', 'R16']"
Marton Fucsovics,2019,Sydney,['R16']
Marton Fucsovics,2019,Sofia,"['R16', 'F']"
Marton Fucsovics,2019,Rotterdam,"['R32', 'R16']"
Marton Fucsovics,2019,Dubai,['QF']
Marton Fucsovics,2019,Indian Wells Masters,['R64']
Marton Fucsovics,2019,Monte Carlo Masters,['R64']
Marton Fucsovics,2019,Hamburg,['R32']
Marton Fucsovics,2019,US Open,['R128']
Marton Fucsovics,2019,Vienna,['R32']
Marton Fucsovics,2020,Australian Open,"['R128', 'R64', 'R16']"
Marton Fucsovics,2020,Roland Garros,['R128']
Marton Fucsovics,2021,Australian Open,['R64']
Marton Fucsovics,2021,Rotterdam,"['R16', 'F']"
Marton Fucsovics,2021,Miami Masters,['R32']
Marton Fucsovics,2021,Roland Garros,['R128']
Marton Fucsovics,2021,Wimbledon,['QF']
Marton Fucsovics,2021,US Open,['R128']
Marton Fucsovics,2022,Rotterdam,['QF']
Marton Fucsovics,2023,Australian Open,['R32']
Marton Fucsovics,2023,Monte Carlo Masters,['R64']
Marton Fucsovics,2023,Roland Garros,['R64']
Marton Fucsovics,2023,Wimbledon,['R32']
Marton Fucsovics,2023,Shanghai Masters,['R128']
Marton Fucsovics,2024,Miami Masters,"['R128', 'R64']"
Marton Fucsovics,2024,Estoril,['QF']
Marton Fucsovics,2024,Bucharest,['F']
Marton Fucsovics,2024,Roland Garros,['R128']
Marton Fucsovics,2024,Wimbledon,['R128']
Marton Fucsovics,2024,Olympics,['R64']
Taro Daniel,2014,Cherbourg CH,['Q3']
Taro Daniel,2015,Casablanca,['R32']
Taro Daniel,2016,Monte Carlo Masters,['R32']
Taro Daniel,2016,Seville CH,['F']
Taro Daniel,2017,Canberra CH,['F']
Taro Daniel,2018,Istanbul,['F']
Taro Daniel,2018,Winston Salem,['QF']
Taro Daniel,2019,Australian Open,['R64']
Taro Daniel,2019,Indian Wells Masters,['R128']
Taro Daniel,2019,Roland Garros,['R128']
Taro Daniel,2022,Seoul,['R32']
Taro Daniel,2022,Naples CH,['R32']
Taro Daniel,2024,Auckland,['F']
Taro Daniel,2024,Dallas,['R16']
Taro Daniel,2024,US Open,['R128']
Quentin Halys,2015,Tiburon CH,['SF']
Quentin Halys,2017,Anning CH,['F']
Quentin Halys,2022,Ismaning CH,['F']
Quentin Halys,2022,Stockholm,['R32']
Quentin Halys,2023,Adelaide,['R16']
Quentin Halys,2023,Australian Open,['R128']
Quentin Halys,2023,Miami Masters,['R16']
Quentin Halys,2023,Estoril,['SF']
Quentin Halys,2023,Wimbledon,['R32']
Quentin Halys,2023,Shanghai Masters,['R64']
Quentin Halys,2024,Gstaad,"['SF', 'F']"
Yannick Hanfmann,2017,Stuttgart,['R32']
Yannick Hanfmann,2017,Gstaad,['F']
Yannick Hanfmann,2018,Munich,['R16']
Yannick Hanfmann,2019,Augsburg CH,['F']
Yannick Hanfmann,2020,Kitzbuhel,['F']
Yannick Hanfmann,2021,Miami Masters,['R64']
Yannick Hanfmann,2023,Rome Masters,"['R128', 'QF']"
Yannick Hanfmann,2023,Roland Garros,['R64']
Yannick Hanfmann,2023,Halle,['R32']
Yannick Hanfmann,2023,Mallorca,['R16']
Yannick Hanfmann,2024,Indian Wells Masters,['R64']
Yannick Hanfmann,2024,Miami Masters,"['R128', 'R32']"
Yannick Hanfmann,2024,Wimbledon,['R128']
Yannick Hanfmann,2024,Chengdu,['R16']
Jacob Fearnley,2024,Wimbledon,['R128']
Max Purcell,2020,Australian Open,['Q2']
Max Purcell,2021,Eastbourne,['SF']
Max Purcell,2022,Wimbledon,['R128']
Max Purcell,2022,Newport,['R16']
Max Purcell,2023,Wimbledon,['R128']
Max Purcell,2023,Cincinnati Masters,"['R32', 'QF']"
Max Purcell,2023,Winston Salem,['QF']
Max Purcell,2023,Basel,['R32']
Max Purcell,2023,Sofia,['R16']
Max Purcell,2024,Auckland,['R32']
Max Purcell,2024,Miami Masters,['R128']
Max Purcell,2024,Eastbourne,['F']
Borna Coric,2014,Basel,['R32']
Borna Coric,2014,Mouilleron CH,['QF']
Borna Coric,2015,Dubai,"['QF', 'SF']"
Borna Coric,2015,Indian Wells Masters,['R128']
Borna Coric,2015,Monte Carlo Masters,['R64']
Borna Coric,2015,Nice,['SF']
Borna Coric,2015,Umag,['R16']
Borna Coric,2015,Tokyo,['R32']
Borna Coric,2015,Paris Masters,"['R64', 'R32']"
Borna Coric,2016,Chennai,"['SF', 'F']"
Borna Coric,2016,Rotterdam,['R32']
Borna Coric,2016,Marrakech,['F']
Borna Coric,2016,Madrid Masters,['R32']
Borna Coric,2016,Washington,['R32']
Borna Coric,2017,Rotterdam,['R32']
Borna Coric,2017,Marrakech,"['R32', 'F']"
Borna Coric,2017,Madrid Masters,['QF']
Borna Coric,2018,Indian Wells Masters,['SF']
Borna Coric,2018,Miami Masters,['QF']
Borna Coric,2018,Monte Carlo Masters,['R32']
Borna Coric,2018,Roland Garros,['R128']
Borna Coric,2018,Halle,"['R32', 'SF', 'F']"
Borna Coric,2018,US Open,"['R32', 'R16']"
Borna Coric,2018,Davis Cup World Group SF,['RR']
Borna Coric,2018,Shanghai Masters,"['QF', 'SF', 'F']"
Borna Coric,2018,Paris Masters,"['R32', 'R16']"
Borna Coric,2018,Davis Cup World Group F,['RR']
Borna Coric,2019,Australian Open,['R16']
Borna Coric,2019,Marseille,['R16']
Borna Coric,2019,Dubai,"['QF', 'SF']"
Borna Coric,2019,Miami Masters,['R16']
Borna Coric,2019,Monte Carlo Masters,"['R64', 'QF']"
Borna Coric,2019,Budapest,['R16']
Borna Coric,2019,Rome Masters,['R16']
Borna Coric,2019,Roland Garros,['R128']
Borna Coric,2019,Umag,['R16']
Borna Coric,2019,St Petersburg,['F']
Borna Coric,2020,ATP Cup,['RR']
Borna Coric,2020,US Open,"['R32', 'QF']"
Borna Coric,2020,St Petersburg,['F']
Borna Coric,2021,Rotterdam,['QF']
Borna Coric,2022,Monte Carlo Masters,['R64']
Borna Coric,2022,Cincinnati Masters,"['SF', 'F']"
Borna Coric,2022,Tokyo,['QF']
Borna Coric,2022,Vienna,"['QF', 'SF']"
Borna Coric,2023,Dubai,['QF']
Borna Coric,2023,Monte Carlo Masters,['R64']
Borna Coric,2023,Madrid Masters,"['R32', 'R16', 'QF', 'SF']"
Borna Coric,2023,Halle,['R32']
Borna Coric,2023,Cincinnati Masters,['R32']
Borna Coric,2024,Montpellier,['F']
Borna Coric,2024,Roland Garros,['R128']
Borna Coric,2024,Canada Masters,['Q1']
Denis Shapovalov,2016,Wimbledon Juniors,"['SF', 'F']"
Denis Shapovalov,2016,Canada Masters,['R64']
Denis Shapovalov,2016,Granby CH,['R16']
Denis Shapovalov,2017,Canberra CH,['QF']
Denis Shapovalov,2017,Davis Cup World Group R1,['RR']
Denis Shapovalov,2017,Drummondville CH,['SF']
Denis Shapovalov,2017,Queens Club,['R16']
Denis Shapovalov,2017,Canada Masters,"['R32', 'R16', 'SF']"
Denis Shapovalov,2017,US Open,['R16']
Denis Shapovalov,2017,Basel,['R32']
Denis Shapovalov,2018,Auckland,['R16']
Denis Shapovalov,2018,Australian Open,['R64']
Denis Shapovalov,2018,Delray Beach,['SF']
Denis Shapovalov,2018,Madrid Masters,"['R16', 'SF']"
Denis Shapovalov,2018,Rome Masters,['R16']
Denis Shapovalov,2018,Roland Garros,['R64']
Denis Shapovalov,2018,Eastbourne,['QF']
Denis Shapovalov,2018,Cincinnati Masters,['R64']
Denis Shapovalov,2018,US Open,['R32']
Denis Shapovalov,2018,Davis Cup World Group PO,['RR']
Denis Shapovalov,2018,St Petersburg,['R16']
Denis Shapovalov,2019,Auckland,['R32']
Denis Shapovalov,2019,Australian Open,"['R64', 'R32']"
Denis Shapovalov,2019,Davis Cup Qualifiers,"['RR', 'RR']"
Denis Shapovalov,2019,Montpellier,['QF']
Denis Shapovalov,2019,Rotterdam,"['R32', 'QF']"
Denis Shapovalov,2019,Indian Wells Masters,['R16']
Denis Shapovalov,2019,Miami Masters,['SF']
Denis Shapovalov,2019,Madrid Masters,['R64']
Denis Shapovalov,2019,Queens Club,['R32']
Denis Shapovalov,2019,Winston Salem,"['R32', 'SF']"
Denis Shapovalov,2019,US Open,['R32']
Denis Shapovalov,2019,Laver Cup,['RR']
Denis Shapovalov,2019,Shanghai Masters,['R32']
Denis Shapovalov,2019,Stockholm,"['R16', 'F']"
Denis Shapovalov,2019,Paris Masters,"['R16', 'QF', 'F']"
Denis Shapovalov,2019,Davis Cup Finals,['F']
Denis Shapovalov,2020,ATP Cup,"['RR', 'RR', 'RR']"
Denis Shapovalov,2020,Australian Open,['R128']
Denis Shapovalov,2020,Rotterdam,['R32']
Denis Shapovalov,2020,US Open,"['R32', 'QF']"
Denis Shapovalov,2020,Rome Masters,['SF']
Denis Shapovalov,2021,Australian Open,['R128']
Denis Shapovalov,2021,Dubai,"['R32', 'R16']"
Denis Shapovalov,2021,Miami Masters,['R32']
Denis Shapovalov,2021,Geneva,['F']
Denis Shapovalov,2021,Wimbledon,"['R32', 'SF']"
Denis Shapovalov,2021,Gstaad,['R16']
Denis Shapovalov,2021,Indian Wells Masters,['R32']
Denis Shapovalov,2021,Stockholm,['F']
Denis Shapovalov,2022,ATP Cup,['F']
Denis Shapovalov,2022,Australian Open,"['R16', 'QF']"
Denis Shapovalov,2022,Rotterdam,['R32']
Denis Shapovalov,2022,Doha,['QF']
Denis Shapovalov,2022,Madrid Masters,['R32']
Denis Shapovalov,2022,Rome Masters,['QF']
Denis Shapovalov,2022,Cincinnati Masters,"['R64', 'R16']"
Denis Shapovalov,2022,US Open,['R32']
Denis Shapovalov,2022,Seoul,"['QF', 'SF', 'F']"
Denis Shapovalov,2022,Tokyo,"['R32', 'R16', 'QF', 'SF']"
Denis Shapovalov,2022,Vienna,"['R16', 'QF', 'SF', 'F']"
Denis Shapovalov,2022,Davis Cup Finals,['SF']
Denis Shapovalov,2023,Australian Open,"['R128', 'R32']"
Denis Shapovalov,2023,Miami Masters,['R32']
Denis Shapovalov,2023,Roland Garros,['R32']
Denis Shapovalov,2023,Wimbledon,['R16']
Denis Shapovalov,2024,Montpellier,['R16']
Denis Shapovalov,2024,Roland Garros,['R32']
Lucas Pouille,2014,Paris Masters,['R32']
Lucas Pouille,2015,Monte Carlo Masters,['R64']
Lucas Pouille,2015,Paris Masters,['R64']
Lucas Pouille,2015,Mouilleron Le Captif CH,['QF']
Lucas Pouille,2016,Brisbane,['QF']
Lucas Pouille,2016,Monte Carlo Masters,['R16']
Lucas Pouille,2016,Bucharest,"['SF', 'F']"
Lucas Pouille,2016,Madrid Masters,['R64']
Lucas Pouille,2016,Rome Masters,"['R16', 'SF']"
Lucas Pouille,2016,Halle,['R32']
Lucas Pouille,2016,Canada Masters,['R64']
Lucas Pouille,2016,US Open,"['R16', 'QF']"
Lucas Pouille,2016,Metz,['F']
Lucas Pouille,2017,Marseille,"['QF', 'F']"
Lucas Pouille,2017,Monte Carlo Masters,['SF']
Lucas Pouille,2017,Budapest,['F']
Lucas Pouille,2017,Stuttgart,"['R16', 'F']"
Lucas Pouille,2017,US Open,['R16']
Lucas Pouille,2017,Beijing,['R32']
Lucas Pouille,2017,Vienna,['F']
Lucas Pouille,2018,Montpellier,['F']
Lucas Pouille,2018,Marseille,['F']
Lucas Pouille,2018,Dubai,"['R16', 'F']"
Lucas Pouille,2018,Halle,['R32']
Lucas Pouille,2018,Cincinnati Masters,['R64']
Lucas Pouille,2018,Davis Cup World Group F,['RR']
Lucas Pouille,2019,Australian Open,"['R32', 'R16', 'QF', 'SF']"
Lucas Pouille,2019,Indian Wells Masters,['R64']
Lucas Pouille,2019,Madrid Masters,['R32']
Lucas Pouille,2019,Wimbledon,"['R128', 'R32']"
Lucas Pouille,2019,Tokyo,['R32']
Lucas Pouille,2021,Umag,['R32']
Lucas Pouille,2021,Metz,['R16']
Lucas Pouille,2021,French Club,['RR']
Lucas Pouille,2024,Saint Tropez CH,['F']
Francisco Comesana,2022,Corrientes CH,['F']
Francisco Comesana,2024,Wimbledon,"['R128', 'R32']"
Thiago Monteiro,2016,Sao Paulo,['QF']
Thiago Monteiro,2016,Lyon CH,['F']
Thiago Monteiro,2016,Gstaad,['QF']
Thiago Monteiro,2017,Rio de Janeiro,['QF']
Thiago Monteiro,2019,Rio de Janeiro,"['R32', 'R16']"
Thiago Monteiro,2019,Wimbledon,['R128']
Thiago Monteiro,2019,Santo Domingo CH,['R32']
Thiago Monteiro,2020,Punta del Este CH,['F']
Thiago Monteiro,2020,Forli CH,['F']
Thiago Monteiro,2022,Santiago,['QF']
Thiago Monteiro,2022,Vienna,['R32']
Thiago Monteiro,2023,Rio de Janeiro,['R32']
Thiago Monteiro,2024,Madrid Masters,['R128']
Thiago Monteiro,2024,Roland Garros,"['Q1', 'Q2']"
Thiago Monteiro,2024,Davis Cup World Group,['RR']
Aleksandar Kovacevic,2021,Orlando CH,['R16']
Aleksandar Kovacevic,2022,Indianapolis CH,['F']
Aleksandar Kovacevic,2022,Seoul,['R32']
Aleksandar Kovacevic,2023,Miami Masters,['R64']
Aleksandar Kovacevic,2024,Miami Masters,"['Q1', 'Q2']"
Luca Nardi,2022,Lugano CH,['F']
Luca Nardi,2022,Astana,['R16']
Luca Nardi,2023,Monte Carlo Masters,"['R64', 'R32']"
Luca Nardi,2024,Indian Wells Masters,['R32']
Federico Coria,2019,Barletta CH,['R64']
Federico Coria,2019,Santo Domingo CH,['F']
Federico Coria,2020,Rio de Janeiro,['R16']
Federico Coria,2020,Roland Garros,['R32']
Federico Coria,2021,Cordoba,['R16']
Federico Coria,2021,Bastad,['F']
Federico Coria,2022,Indian Wells Masters,['R64']
Federico Coria,2023,Cordoba,['F']
Federico Coria,2023,Indian Wells Masters,['R128']
Federico Coria,2023,Miami Masters,['R128']
Federico Coria,2023,US Open,['Q2']
Federico Coria,2024,Cordoba,['SF']
Federico Coria,2024,Cagliari CH,['QF']
Mattia Bellucci,2022,Ortisei CH,['R16']
Mattia Bellucci,2022,Saint Tropez CH,['F']
Mattia Bellucci,2022,Vilnius CH,"['SF', 'F']"
Adam Walton,2023,Cary CH,['QF']
Adam Walton,2024,Australian Open,['R128']
Damir Dzumhur,2014,Australian Open,['R32']
Damir Dzumhur,2015,Roland Garros,['R32']
Damir Dzumhur,2015,Wimbledon,['R128']
Damir Dzumhur,2016,Indian Wells Masters,['R128']
Damir Dzumhur,2016,Istanbul,['R32']
Damir Dzumhur,2016,Olympics,['R64']
Damir Dzumhur,2016,Moscow,['R32']
Damir Dzumhur,2017,Winston Salem,"['QF', 'F']"
Damir Dzumhur,2017,St Petersburg,['F']
Damir Dzumhur,2017,Shenzhen,['QF']
Damir Dzumhur,2017,Beijing,['R32']
Damir Dzumhur,2017,Moscow,['F']
Damir Dzumhur,2018,Roland Garros,['R32']
Damir Dzumhur,2018,Antalya,['F']
Damir Dzumhur,2018,Los Cabos,['SF']
Damir Dzumhur,2018,Shenzhen,['QF']
Damir Dzumhur,2019,Rotterdam,"['R32', 'R16', 'QF']"
Damir Dzumhur,2020,Barcelona CH,['F']
Damir Dzumhur,2022,Sibiu CH,['F']
Damir Dzumhur,2023,Australian Open,['Q1']
Camilo Ugo Carabelli,2022,Santiago CH,['R16']
Camilo Ugo Carabelli,2022,Roland Garros,['R128']
Camilo Ugo Carabelli,2024,Australian Open,['Q3']
Camilo Ugo Carabelli,2024,Buenos Aires,['R16']
Camilo Ugo Carabelli,2024,Sao Leopoldo CH,['R32']
Camilo Ugo Carabelli,2024,Umag,['R32']
Camilo Ugo Carabelli,2024,Campinas CH,"['R16', 'QF']"
Harold Mayot,2020,Australian Open Juniors,['F']
Hugo Dellien,2015,Corrientes CH,['R16']
Hugo Dellien,2018,Vicenza CH,['SF']
Hugo Dellien,2019,Rio de Janeiro,"['R16', 'QF']"
Hugo Dellien,2019,Sao Paulo,['QF']
Hugo Dellien,2019,Roland Garros,['R64']
Hugo Dellien,2019,Milan CH,['F']
Hugo Dellien,2019,Bastad,['R16']
Hugo Dellien,2019,US Open,['R64']
Hugo Dellien,2020,Santiago,['R16']
Hugo Dellien,2021,Tokyo Olympics,['R64']
Hugo Dellien,2022,Monte Carlo Masters,['R64']
Hugo Dellien,2022,Madrid Masters,['R64']
Hugo Dellien,2023,Roland Garros,['R128']
Alexander Ritschard,2021,Ercolano CH,['F']
Jesper De Jong,2021,Almaty CH,['F']
Jesper De Jong,2021,Guayaquil CH,['F']
Jesper De Jong,2023,Tigre CH,['F']
Jesper De Jong,2023,Rome CH,['F']
Jesper De Jong,2023,Dutch Championships,['F']
Jesper De Jong,2024,Australian Open,"['Q3', 'R128', 'R64']"
Jesper De Jong,2024,Rotterdam,['R32']
Jesper De Jong,2024,Roland Garros,"['R128', 'R64']"
Jesper De Jong,2024,Sassuolo CH,['F']
Jesper De Jong,2024,US Open,['Q3']
Jesper De Jong,2024,Antofagasta CH,['R16']
Francesco Passaro,2022,Rome Masters,['R64']
Francesco Passaro,2022,NextGen Finals,['RR']
Mikhail Kukushkin,2014,Indian Wells Masters,['R32']
Mikhail Kukushkin,2014,Wimbledon,['R32']
Mikhail Kukushkin,2015,Casablanca,['R16']
Mikhail Kukushkin,2015,Monte Carlo Masters,['R64']
Mikhail Kukushkin,2015,Basel,['R32']
Mikhail Kukushkin,2017,Memphis,['SF']
Mikhail Kukushkin,2019,Sofia,"['R32', 'R16']"
Mikhail Kukushkin,2019,Rotterdam,"['R32', 'R16']"
Mikhail Kukushkin,2019,Marseille,"['SF', 'F']"
Mikhail Kukushkin,2019,Wimbledon,['R16']
Mikhail Kukushkin,2019,St Petersburg,['R32']
Mikhail Kukushkin,2019,Shanghai Masters,['R64']
Mikhail Kukushkin,2019,Davis Cup Finals,['RR']
Mikhail Kukushkin,2020,Australian Open,['R128']
Mikhail Kukushkin,2020,Davis Cup Qualifiers,['RR']
Mikhail Kukushkin,2021,Dubai,['R64']
Mikhail Kukushkin,2021,Miami Masters,['R64']
Mikhail Kukushkin,2021,Davis Cup Finals,['QF']
Mikhail Kukushkin,2022,Miami Masters,['R128']
Billy Harris,2022,Rome GA CH,['R32']
Billy Harris,2024,Queens Club,['R16']
Daniel Elahi Galan,2019,Houston,['R16']
Daniel Elahi Galan,2020,Lima CH,['F']
Daniel Elahi Galan,2021,Delray Beach,['R16']
Daniel Elahi Galan,2021,Acapulco,['R32']
Daniel Elahi Galan,2022,US Open,['R64']
Daniel Elahi Galan,2022,San Diego,['QF']
Daniel Elahi Galan,2023,Madrid Masters,['R128']
Daniel Elahi Galan,2023,Wimbledon,"['R128', 'R16']"
Daniel Elahi Galan,2024,Australian Open,['R128']
Daniel Elahi Galan,2024,Cagliari CH,['SF']
Otto Virtanen,2022,Bergamo CH,['F']
Otto Virtanen,2022,Roanne CH,['R16']
Otto Virtanen,2022,Helsinki CH,['R16']
Otto Virtanen,2023,Davis Cup Finals,['RR']
Otto Virtanen,2024,Quimper CH,['R32']
Otto Virtanen,2024,Wimbledon,['R64']
Otto Virtanen,2024,US Open,['R64']
Kamil Majchrzak,2018,Seoul CH,['R16']
Kamil Majchrzak,2019,Ostrava CH,['F']
Kamil Majchrzak,2019,US Open,['R64']
Kamil Majchrzak,2019,Antwerp,['R32']
Duje Ajdukovic,2020,Split CH,['SF']
Duje Ajdukovic,2023,Davis Cup Finals,['RR']
Duje Ajdukovic,2023,Braga CH,['F']
Luca Van Assche,2021,Roland Garros Juniors,['F']
Luca Van Assche,2022,Valencia CH,['F']
Luca Van Assche,2022,Maia CH,['F']
Luca Van Assche,2023,Bastad,['R32']
Luca Van Assche,2023,NextGen Finals,['SF']
Luca Van Assche,2024,Miami Masters,['R64']
Thiago Agustin Tirante,2020,Lima CH,['F']
Thiago Agustin Tirante,2023,Roland Garros,['R128']
Thiago Agustin Tirante,2024,San Luis Potosi CH,['QF']
Christopher Eubanks,2018,Leon CH,['F']
Christopher Eubanks,2019,New York,['R16']
Christopher Eubanks,2022,Roland Garros,['Q1']
Christopher Eubanks,2022,Knoxville CH,['F']
Christopher Eubanks,2023,Acapulco,['R32']
Christopher Eubanks,2023,Miami Masters,"['R32', 'QF']"
Christopher Eubanks,2023,Halle,['R32']
Christopher Eubanks,2023,Mallorca,['F']
Christopher Eubanks,2023,Wimbledon,['QF']
Christopher Eubanks,2023,Washington,['R16']
Christopher Eubanks,2023,Shanghai Masters,['R32']
Christopher Eubanks,2024,Australian Open,['R64']
Christopher Eubanks,2024,Acapulco,['R32']
Christopher Eubanks,2024,Miami Masters,['R32']
Christopher Eubanks,2024,Madrid Masters,['R128']
Christopher Eubanks,2024,Roland Garros,['R128']
Christopher Eubanks,2024,Newport,['SF']
Mackenzie Mcdonald,2015,Sacramento CH,['QF']
Mackenzie Mcdonald,2018,Australian Open,['R64']
Mackenzie Mcdonald,2018,Acapulco,['R32']
Mackenzie Mcdonald,2018,Seoul CH,['R16']
Mackenzie Mcdonald,2019,Australian Open,['R128']
Mackenzie Mcdonald,2019,Delray Beach,"['QF', 'SF']"
Mackenzie Mcdonald,2019,Acapulco,['QF']
Mackenzie Mcdonald,2019,Miami Masters,['R128']
Mackenzie Mcdonald,2021,Australian Open,['R16']
Mackenzie Mcdonald,2021,Washington,['F']
Mackenzie Mcdonald,2022,Cincinnati Masters,['R32']
Mackenzie Mcdonald,2022,San Diego,['R16']
Mackenzie Mcdonald,2023,Australian Open,"['R128', 'R64']"
Mackenzie Mcdonald,2023,Indian Wells Masters,['R64']
Mackenzie Mcdonald,2023,Miami Masters,['R64']
Mackenzie Mcdonald,2023,Wimbledon,['R128']
Mackenzie Mcdonald,2023,Paris Masters,['R32']
Mackenzie Mcdonald,2024,Australian Open,['R128']
Mackenzie Mcdonald,2024,Wimbledon,['R128']
Mackenzie Mcdonald,2024,Newport,['R32']
Mackenzie Mcdonald,2024,Cincinnati Masters,['Q2']
Mackenzie Mcdonald,2024,US Open,['R128']
Nicolas Moreno De Alboran,2022,Braga CH,['F']
Benjamin Bonzi,2020,Roland Garros,['R64']
Benjamin Bonzi,2021,Segovia CH,['F']
Benjamin Bonzi,2021,French Club,['RR']
Benjamin Bonzi,2022,Marseille,['SF']
Benjamin Bonzi,2022,Brest CH,['R32']
Benjamin Bonzi,2023,Pune,"['SF', 'F']"
Benjamin Bonzi,2023,Marseille,"['SF', 'F']"
Pierre Hugues Herbert,2014,Halle,['R16']
Pierre Hugues Herbert,2014,Paris Masters,['R64']
Pierre Hugues Herbert,2015,Winston Salem,['F']
Pierre Hugues Herbert,2016,Monte Carlo Masters,['R32']
Pierre Hugues Herbert,2016,Madrid Masters,['R64']
Pierre Hugues Herbert,2017,Rotterdam,['R32']
Pierre Hugues Herbert,2017,Stuttgart,['R32']
Pierre Hugues Herbert,2018,Shenzhen,"['SF', 'F']"
Pierre Hugues Herbert,2018,Ortisei CH,['F']
Pierre Hugues Herbert,2019,Australian Open,"['R128', 'R32']"
Pierre Hugues Herbert,2019,Montpellier,"['QF', 'F']"
Pierre Hugues Herbert,2019,Halle,['R16']
Pierre Hugues Herbert,2020,Montpellier,['R32']
Pierre Hugues Herbert,2020,Marseille,['R16']
Pierre Hugues Herbert,2021,Marseille,['F']
Pierre Hugues Herbert,2021,Roland Garros,['R128']
Pierre Hugues Herbert,2021,Paris Masters,['R64']
Pierre Hugues Herbert,2023,Metz,['SF']
Pierre Hugues Herbert,2024,Roland Garros,['R128']
Learner Tien,2022,US Open,['R128']
Learner Tien,2023,Australian Open Juniors,['F']
Learner Tien,2023,US Open Juniors,['F']
Learner Tien,2024,US Open,['R128']
Chun Hsin Tseng,2019,Miami Masters,['R128']
Chun Hsin Tseng,2020,Bergamo CH,['R64']
Chun Hsin Tseng,2022,Roseto Degli Abruzzi CH,['F']
Chun Hsin Tseng,2022,NextGen Finals,['RR']
Chun Hsin Tseng,2024,Szekesfehervar CH,['R16']
Valentin Vacherot,2023,Monte Carlo Masters,['R64']
Valentin Vacherot,2024,San Luis Potosi CH,['R32']
Valentin Vacherot,2024,Roland Garros,['R128']
Jozef Kovalik,2015,Mohammedia CH,['QF']
Jozef Kovalik,2017,Buenos Aires,['R32']
Jozef Kovalik,2018,Sofia,['SF']
Jozef Kovalik,2019,Wimbledon,['R128']
Jozef Kovalik,2022,Tulln CH,['F']
Jozef Kovalik,2023,Davis Cup Qualifiers,['RR']
Laslo Djere,2015,Milan CH,['R16']
Laslo Djere,2017,Budapest,['SF']
Laslo Djere,2018,Prostejov CH,['F']
Laslo Djere,2018,Moscow,['R32']
Laslo Djere,2019,Sofia,['R32']
Laslo Djere,2019,Rio de Janeiro,"['R32', 'QF', 'F']"
Laslo Djere,2019,Sao Paulo,['SF']
Laslo Djere,2019,Indian Wells Masters,['R32']
Laslo Djere,2019,Monte Carlo Masters,['R64']
Laslo Djere,2019,Budapest,"['QF', 'SF']"
Laslo Djere,2019,Madrid Masters,['R64']
Laslo Djere,2019,Umag,"['QF', 'SF']"
Laslo Djere,2020,Sardinia,['F']
Laslo Djere,2021,Cagliari,['F']
Laslo Djere,2022,Marrakech,['SF']
Laslo Djere,2022,Belgrade,['R32']
Laslo Djere,2022,Roland Garros,['R64']
Laslo Djere,2022,Wimbledon,['R128']
Laslo Djere,2022,Winston Salem,"['QF', 'F']"
Laslo Djere,2022,Tel Aviv,['R32']
Laslo Djere,2022,Basel,['R32']
Laslo Djere,2023,Pune,['R32']
Laslo Djere,2023,Auckland,['R16']
Laslo Djere,2023,Buenos Aires,['R16']
Laslo Djere,2023,Miami Masters,['R64']
Laslo Djere,2023,Monte Carlo Masters,['R64']
Laslo Djere,2023,Rome Masters,['R16']
Laslo Djere,2023,Halle,['R16']
Laslo Djere,2023,Hamburg,"['SF', 'F']"
Laslo Djere,2023,Kitzbuhel,['SF']
Laslo Djere,2023,US Open,['R32']
Laslo Djere,2024,Miami Masters,['R64']
Laslo Djere,2024,US Open,['R64']
Roman Andres Burruchaga,2022,Buenos Aires CH,['R32']
Lloyd Harris,2017,Kyoto CH,['QF']
Lloyd Harris,2019,Launceston CH,['F']
Lloyd Harris,2019,New York,['R32']
Lloyd Harris,2019,Delray Beach,['R16']
Lloyd Harris,2019,Miami Masters,['R64']
Lloyd Harris,2019,Chengdu,['SF']
Lloyd Harris,2020,ATP Cup,['RR']
Lloyd Harris,2020,Adelaide,"['SF', 'F']"
Lloyd Harris,2021,Dubai,['F']
Lloyd Harris,2022,Indian Wells Masters,['R16']
Lloyd Harris,2022,Miami Masters,['R16']
Lloyd Harris,2023,US Open,['R64']
Lloyd Harris,2024,Wimbledon,['R128']
Leandro Riedi,2020,Roland Garros Juniors,['F']
Leandro Riedi,2022,Lugano CH,['F']
Leandro Riedi,2023,Marseille,['R16']
Leandro Riedi,2024,Davis Cup Qualifiers,"['RR', 'RR']"
Lukas Klein,2022,Alicante CH,['F']
Lukas Klein,2023,Davis Cup Qualifiers,['RR']
Lukas Klein,2024,Madrid Masters,['Q1']
Richard Gasquet,2002,Monte Carlo Masters,['R64']
Richard Gasquet,2005,Monte Carlo Masters,"['QF', 'SF']"
Richard Gasquet,2005,Hamburg Masters,"['SF', 'F']"
Richard Gasquet,2006,Wimbledon,['R128']
Richard Gasquet,2006,Canada Masters,"['SF', 'F']"
Richard Gasquet,2006,US Open,['R16']
Richard Gasquet,2007,Indian Wells Masters,['R64']
Richard Gasquet,2007,Estoril,['F']
Richard Gasquet,2007,Wimbledon,['SF']
Richard Gasquet,2007,Paris Masters,['SF']
Richard Gasquet,2007,Masters Cup,['RR']
Richard Gasquet,2011,Indian Wells Masters,['QF']
Richard Gasquet,2011,Rome Masters,"['R16', 'SF']"
Richard Gasquet,2011,Davis Cup World Group SF,['RR']
Richard Gasquet,2011,Paris Masters,['R16']
Richard Gasquet,2012,Madrid Masters,['R16']
Richard Gasquet,2012,Canada Masters,"['SF', 'F']"
Richard Gasquet,2013,Indian Wells Masters,['R32']
Richard Gasquet,2013,Miami Masters,['SF']
Richard Gasquet,2013,Monte Carlo Masters,['QF']
Richard Gasquet,2013,Canada Masters,['QF']
Richard Gasquet,2013,US Open,"['QF', 'SF']"
Richard Gasquet,2013,Shanghai Masters,['R64']
Richard Gasquet,2013,Paris Masters,['QF']
Richard Gasquet,2013,Tour Finals,"['RR', 'RR', 'RR']"
Richard Gasquet,2014,Washington,['SF']
Richard Gasquet,2014,Davis Cup World Group F,['RR']
Richard Gasquet,2015,Montpellier,"['SF', 'F']"
Richard Gasquet,2015,Estoril,"['QF', 'F']"
Richard Gasquet,2015,Roland Garros,['R128']
Richard Gasquet,2015,Wimbledon,"['QF', 'SF']"
Richard Gasquet,2015,US Open,['QF']
Richard Gasquet,2015,Stockholm,"['QF', 'SF']"
Richard Gasquet,2015,Basel,['SF']
Richard Gasquet,2016,Marseille,['QF']
Richard Gasquet,2016,Miami Masters,['R32']
Richard Gasquet,2016,Madrid Masters,['R16']
Richard Gasquet,2016,Roland Garros,['QF']
Richard Gasquet,2016,Antwerp,['SF']
Richard Gasquet,2017,Hopman Cup,['RR']
Richard Gasquet,2017,Montpellier,"['F', 'R16']"
Richard Gasquet,2017,Halle,['SF']
Richard Gasquet,2017,Paris Masters,['R32']
Richard Gasquet,2018,Australian Open,['R32']
Richard Gasquet,2018,Montpellier,['F']
Richard Gasquet,2018,Monte Carlo Masters,['QF']
Richard Gasquet,2018,Budapest,['R16']
Richard Gasquet,2018,s Hertogenbosch,['F']
Richard Gasquet,2018,Bastad,['F']
Richard Gasquet,2018,Tokyo,['R32']
Richard Gasquet,2018,Shanghai Masters,['R32']
Richard Gasquet,2019,Madrid Masters,['R64']
Richard Gasquet,2019,Wimbledon,['R128']
Richard Gasquet,2019,Hamburg,['R32']
Richard Gasquet,2019,Cincinnati Masters,"['R64', 'SF']"
Richard Gasquet,2019,Beijing,['R32']
Richard Gasquet,2021,Dubai,['R32']
Richard Gasquet,2021,Rome Masters,['R64']
Richard Gasquet,2021,Wimbledon,['R64']
Richard Gasquet,2021,Umag,['F']
Richard Gasquet,2021,Cincinnati Masters,['R64']
Richard Gasquet,2021,US Open,['R128']
Richard Gasquet,2022,Montpellier,['R16']
Richard Gasquet,2022,Belgrade,['R32']
Richard Gasquet,2022,Winston Salem,['QF']
Richard Gasquet,2022,Metz,['R32']
Richard Gasquet,2022,Paris Masters,['R32']
Richard Gasquet,2023,Auckland,['F']
Richard Gasquet,2023,Rotterdam,['R16']
Richard Gasquet,2023,Indian Wells Masters,['R64']
Richard Gasquet,2023,Monte Carlo Masters,['R64']
Richard Gasquet,2023,Madrid Masters,['R64']
Richard Gasquet,2023,Stuttgart,['R16']
Richard Gasquet,2023,Halle,['R32']
Richard Gasquet,2023,Shanghai Masters,['R64']
Richard Gasquet,2023,Paris Masters,['R64']
Richard Gasquet,2024,Auckland,['R32']
Richard Gasquet,2024,Doha,['R16']
Richard Gasquet,2024,Roland Garros,"['R128', 'R64']"
Facundo Bagnis,2014,Caltanissetta CH,['R16']
Facundo Bagnis,2015,Campinas CH,['SF']
Facundo Bagnis,2016,Marrakech,['R32']
Facundo Bagnis,2016,Braunschweig CH,['R16']
Facundo Bagnis,2016,Medellin CH,['F']
Facundo Bagnis,2017,Indian Wells Masters,['R64']
Facundo Bagnis,2021,Santiago,['F']
Facundo Bagnis,2021,US Open,['R32']
Facundo Bagnis,2024,Cordoba,"['SF', 'F']"
Facundo Bagnis,2024,Santiago,['R32']
Marco Trungelliti,2015,Bangkok CH,['QF']
Marco Trungelliti,2015,Guayaquil CH,['SF']
Marco Trungelliti,2019,Sao Paulo,['R16']
Marco Trungelliti,2024,Umag,['R16']
Maximilian Marterer,2015,Tashkent CH,['R32']
Maximilian Marterer,2017,Rome CH,['R16']
Maximilian Marterer,2017,Monterrey CH,['SF']
Maximilian Marterer,2018,Cherbourg CH,['F']
Maximilian Marterer,2018,Munich,['SF']
Maximilian Marterer,2018,Roland Garros,['R64']
Maximilian Marterer,2018,Umag,['R32']
Maximilian Marterer,2018,US Open,['R128']
Maximilian Marterer,2019,Cordoba,['R32']
Maximilian Marterer,2019,Indian Wells Masters,['R64']
Maximilian Marterer,2023,Amersfoort CH,['F']
Maximilian Marterer,2023,Ismaning CH,['F']
Maximilian Marterer,2024,Estoril,['R32']
Albert Ramos,2012,Casablanca,['F']
Albert Ramos,2014,Barcelona,['R32']
Albert Ramos,2015,Indian Wells Masters,['R32']
Albert Ramos,2015,Geneva,['QF']
Albert Ramos,2015,Bastad,['R16']
Albert Ramos,2015,Shanghai Masters,['R32']
Albert Ramos,2016,Quito,"['R32', 'R16', 'SF']"
Albert Ramos,2016,Buenos Aires,['R32']
Albert Ramos,2016,Chengdu,['F']
Albert Ramos,2017,Rio de Janeiro,['SF']
Albert Ramos,2017,Sao Paulo,['F']
Albert Ramos,2017,Indian Wells Masters,['R32']
Albert Ramos,2017,Monte Carlo Masters,"['R16', 'SF', 'F']"
Albert Ramos,2018,Australian Open,['R32']
Albert Ramos,2018,Quito,"['R16', 'F']"
Albert Ramos,2018,Beijing,['R32']
Albert Ramos,2019,Cordoba,['R16']
Albert Ramos,2019,Indian Wells Masters,['R64']
Albert Ramos,2019,Gstaad,['F']
Albert Ramos,2019,Kitzbuhel,['F']
Albert Ramos,2019,Szczecin CH,['QF']
Albert Ramos,2019,Beijing,['R32']
Albert Ramos,2020,Rio de Janeiro,['R32']
Albert Ramos,2020,Santiago,['SF']
Albert Ramos,2021,Cordoba,['F']
Albert Ramos,2021,Estoril,['F']
Albert Ramos,2021,Roland Garros,['R128']
Albert Ramos,2022,Cordoba,['F']
Albert Ramos,2022,Monte Carlo Masters,"['R32', 'R16']"
Albert Ramos,2022,Roland Garros,['R64']
Albert Ramos,2022,Gstaad,['SF']
Albert Ramos,2022,Canada Masters,['R16']
Albert Ramos,2022,Basel,['R16']
Albert Ramos,2023,Monte Carlo Masters,['R64']
Albert Ramos,2023,Rome Masters,['R64']
Albert Ramos,2023,Wimbledon,['R128']
Albert Ramos,2023,Gstaad,['F']
Matteo Gigante,2023,Roland Garros,['Q1']
Yasutaka Uchiyama,2015,Tokyo,['R32']
Yasutaka Uchiyama,2019,Brisbane,['QF']
Yasutaka Uchiyama,2019,Playford CH,['F']
Yasutaka Uchiyama,2022,Nonthaburi CH,['R16']
Yasutaka Uchiyama,2023,Nonthaburi CH,['R16']
Jerome Kym,2024,Basel,['R32']
Kei Nishikori,2008,Delray Beach,['F']
Kei Nishikori,2011,Houston,['F']
Kei Nishikori,2011,Shanghai Masters,['SF']
Kei Nishikori,2011,Basel,['F']
Kei Nishikori,2012,Australian Open,"['R16', 'QF']"
Kei Nishikori,2012,Tokyo,['F']
Kei Nishikori,2013,Brisbane,['SF']
Kei Nishikori,2013,Memphis,['F']
Kei Nishikori,2013,Madrid Masters,['R16']
Kei Nishikori,2013,Canada Masters,['R64']
Kei Nishikori,2014,Brisbane,"['R16', 'QF', 'SF']"
Kei Nishikori,2014,Australian Open,['R16']
Kei Nishikori,2014,Miami Masters,['QF']
Kei Nishikori,2014,Barcelona,['F']
Kei Nishikori,2014,Madrid Masters,"['SF', 'F']"
Kei Nishikori,2014,Halle,['QF']
Kei Nishikori,2014,Wimbledon,['R128']
Kei Nishikori,2014,US Open,"['SF', 'F']"
Kei Nishikori,2014,Paris Masters,"['QF', 'R16', 'SF']"
Kei Nishikori,2014,Tour Finals,"['RR', 'RR', 'SF']"
Kei Nishikori,2015,Brisbane,['QF']
Kei Nishikori,2015,Australian Open,['QF']
Kei Nishikori,2015,Acapulco,"['SF', 'F']"
Kei Nishikori,2015,Indian Wells Masters,['R16']
Kei Nishikori,2015,Miami Masters,"['R64', 'R32']"
Kei Nishikori,2015,Barcelona,"['R16', 'QF', 'F']"
Kei Nishikori,2015,Madrid Masters,['SF']
Kei Nishikori,2015,Rome Masters,['QF']
Kei Nishikori,2015,Roland Garros,['R128']
Kei Nishikori,2015,Washington,['F']
Kei Nishikori,2015,Canada Masters,['SF']
Kei Nishikori,2015,Tokyo,"['R32', 'SF']"
Kei Nishikori,2015,Tour Finals,"['RR', 'RR', 'RR']"
Kei Nishikori,2016,Australian Open,['QF']
Kei Nishikori,2016,Memphis,['F']
Kei Nishikori,2016,Miami Masters,"['SF', 'F']"
Kei Nishikori,2016,Barcelona,['F']
Kei Nishikori,2016,Madrid Masters,"['R16', 'QF', 'SF']"
Kei Nishikori,2016,Rome Masters,"['QF', 'SF']"
Kei Nishikori,2016,Halle,['R32']
Kei Nishikori,2016,Canada Masters,"['SF', 'F']"
Kei Nishikori,2016,Olympics,"['SF', 'BR']"
Kei Nishikori,2016,US Open,"['QF', 'SF']"
Kei Nishikori,2016,Basel,['F']
Kei Nishikori,2016,Tour Finals,"['RR', 'RR', 'SF']"
Kei Nishikori,2017,Brisbane,['F']
Kei Nishikori,2017,Australian Open,['R16']
Kei Nishikori,2017,Buenos Aires,['F']
Kei Nishikori,2017,Indian Wells Masters,"['R64', 'R16', 'R16', 'QF']"
Kei Nishikori,2017,Miami Masters,['QF']
Kei Nishikori,2018,Monte Carlo Masters,"['R64', 'R32', 'QF', 'SF', 'F']"
Kei Nishikori,2018,Rome Masters,['R32']
Kei Nishikori,2018,Wimbledon,['QF']
Kei Nishikori,2018,Washington,['QF']
Kei Nishikori,2018,US Open,"['R128', 'R32', 'QF', 'SF']"
Kei Nishikori,2018,Tokyo,['F']
Kei Nishikori,2018,Vienna,['F']
Kei Nishikori,2018,Tour Finals,"['RR', 'RR', 'RR']"
Kei Nishikori,2019,Brisbane,"['QF', 'SF', 'F']"
Kei Nishikori,2019,Australian Open,"['R16', 'QF']"
Kei Nishikori,2019,Rotterdam,['SF']
Kei Nishikori,2019,Dubai,['R16']
Kei Nishikori,2019,Barcelona,['SF']
Kei Nishikori,2019,Wimbledon,"['R128', 'R64', 'R32', 'R16', 'QF']"
Kei Nishikori,2021,Rotterdam,"['R32', 'QF']"
Kei Nishikori,2021,Halle,['R32']
Kei Nishikori,2021,Olympics,['QF']
Kei Nishikori,2021,US Open,['R32']
Kei Nishikori,2023,Palmas del Mar CH,['F']
Kei Nishikori,2024,Canada Masters,"['R32', 'QF']"
Seong Chan Hong,2023,Roland Garros,['Q1']
Seong Chan Hong,2024,Indian Wells Masters,['R128']
Radu Albot,2014,Geneva CH,['SF']
Radu Albot,2015,CH Tour Finals,['RR']
Radu Albot,2016,Fergana CH,['F']
Radu Albot,2017,Suzhou,['F']
Radu Albot,2019,Montpellier,['SF']
Radu Albot,2019,Delray Beach,"['R16', 'SF', 'F']"
Radu Albot,2019,Indian Wells Masters,"['R64', 'R32']"
Radu Albot,2019,Miami Masters,['R64']
Radu Albot,2019,Los Cabos,['SF']
Radu Albot,2019,Cincinnati Masters,['R64']
Radu Albot,2019,Paris Masters,['R16']
Radu Albot,2021,Pau CH,['F']
Radu Albot,2022,Roland Garros,['Q2']
Radu Albot,2022,Seoul,['QF']
Radu Albot,2023,Pune,['R32']
Radu Albot,2023,Banja Luka,['R16']
Radu Albot,2024,Bucharest,['R16']
Radu Albot,2024,Madrid,['Q1']
Radu Albot,2024,Wimbledon,['R128']
Radu Albot,2024,Newport,['R32']
Radu Albot,2024,US Open,['R128']
Jaime Faria,2024,Roland Garros,['Q3']
Coleman Wong,2023,Playford CH,['F']
Mitchell Krueger,2013,Lexington CH,['R16']
Mitchell Krueger,2019,Monterrey CH,['R32']
Cristian Garin,2014,Poznan CH,['R32']
Cristian Garin,2018,Newport Beach CH,['SF']
Cristian Garin,2019,Buenos Aires,['R16']
Cristian Garin,2019,Rio de Janeiro,['R16']
Cristian Garin,2019,Sao Paulo,"['SF', 'F']"
Cristian Garin,2019,Houston,['F']
Cristian Garin,2019,Barcelona,['R32']
Cristian Garin,2019,Munich,"['R16', 'QF', 'SF', 'F']"
Cristian Garin,2019,Roland Garros,['R64']
Cristian Garin,2019,Hamburg,['R32']
Cristian Garin,2019,Canada Masters,['R32']
Cristian Garin,2019,US Open,['R64']
Cristian Garin,2019,Shanghai Masters,['R32']
Cristian Garin,2019,Moscow,['R32']
Cristian Garin,2019,Paris Masters,['QF']
Cristian Garin,2020,Cordoba,"['SF', 'F']"
Cristian Garin,2020,Rio De Janeiro,['F']
Cristian Garin,2020,Vienna,['R16']
Cristian Garin,2021,Santiago,['F']
Cristian Garin,2021,Estoril,['QF']
Cristian Garin,2021,Gstaad,['QF']
Cristian Garin,2022,Belgrade,['R32']
Cristian Garin,2022,Madrid Masters,['R64']
Cristian Garin,2022,Rome Masters,['R64']
Cristian Garin,2022,Wimbledon,"['R16', 'QF']"
Cristian Garin,2022,Vienna,['R32']
Cristian Garin,2023,Australian Open,['R128']
Cristian Garin,2023,Indian Wells Masters,['R64']
Cristian Garin,2023,Shanghai Masters,['R64']
Cristian Garin,2024,Australian Open,['R128']
Cristian Garin,2024,Estoril,['SF']
Marc Andrea Huesler,2019,Gstaad,['R32']
Marc Andrea Huesler,2020,Sibiu CH,['F']
Marc Andrea Huesler,2020,Ismaning CH,['F']
Marc Andrea Huesler,2022,Winston Salem,['QF']
Marc Andrea Huesler,2022,Sofia,['F']
Marc Andrea Huesler,2023,Australian Open,['R128']
Marc Andrea Huesler,2023,Montpellier,['R16']
Marc Andrea Huesler,2023,Rotterdam,['R32']
Marc Andrea Huesler,2023,Miami Masters,['R64']
Marc Andrea Huesler,2023,US Open,['R128']
Marc Andrea Huesler,2024,Davis Cup Qualifiers,"['RR', 'RR']"
Juan Manuel Cerundolo,2021,Cordoba,['F']
Juan Manuel Cerundolo,2021,NextGen Finals,['RR']
Juan Manuel Cerundolo,2022,Miami Masters,['R64']
Juan Manuel Cerundolo,2022,Coquimbo CH,['F']
Juan Manuel Cerundolo,2023,Tigre CH,['F']
Juan Manuel Cerundolo,2023,Wimbledon,['R128']
Vit Kopriva,2021,Gstaad,['R16']
Vit Kopriva,2024,Wimbledon,['R128']
Rafael Nadal,2003,Hamburg Masters,['R16']
Rafael Nadal,2004,Miami Masters,['R32']
Rafael Nadal,2004,Canada Masters,['R64']
Rafael Nadal,2004,Sopot,['F']
Rafael Nadal,2004,US Open,['R64']
Rafael Nadal,2004,Davis Cup World Group SF,['RR']
Rafael Nadal,2004,Basel,['R32']
Rafael Nadal,2004,Davis Cup World Group F,['RR']
Rafael Nadal,2005,Australian Open,['R16']
Rafael Nadal,2005,Costa Do Sauipe,['F']
Rafael Nadal,2005,Acapulco,['F']
Rafael Nadal,2005,Miami Masters,"['SF', 'F']"
Rafael Nadal,2005,Monte Carlo Masters,"['SF', 'F']"
Rafael Nadal,2005,Barcelona,['F']
Rafael Nadal,2005,Rome Masters,"['SF', 'F']"
Rafael Nadal,2005,Roland Garros,"['R128', 'R16', 'SF', 'F']"
Rafael Nadal,2005,Wimbledon,['R64']
Rafael Nadal,2005,Bastad,['F']
Rafael Nadal,2005,Stuttgart,['F']
Rafael Nadal,2005,Canada Masters,"['QF', 'SF', 'F']"
Rafael Nadal,2005,US Open,['R64']
Rafael Nadal,2005,Beijing,['F']
Rafael Nadal,2005,Madrid Masters,"['SF', 'F']"
Rafael Nadal,2006,Dubai,['F']
Rafael Nadal,2006,Indian Wells Masters,['SF']
Rafael Nadal,2006,Monte Carlo Masters,"['SF', 'F']"
Rafael Nadal,2006,Barcelona,['F']
Rafael Nadal,2006,Rome Masters,"['R64', 'SF', 'F']"
Rafael Nadal,2006,Roland Garros,"['R64', 'R16', 'QF', 'SF', 'F']"
Rafael Nadal,2006,Queens Club,"['R16', 'QF']"
Rafael Nadal,2006,Wimbledon,"['R32', 'R16', 'SF', 'F']"
Rafael Nadal,2006,Canada Masters,['R32']
Rafael Nadal,2006,Masters Cup,['SF']
Rafael Nadal,2007,Australian Open,"['R128', 'R16', 'QF']"
Rafael Nadal,2007,Indian Wells Masters,"['SF', 'F']"
Rafael Nadal,2007,Miami Masters,['QF']
Rafael Nadal,2007,Monte Carlo Masters,"['F', 'SF']"
Rafael Nadal,2007,Barcelona,['F']
Rafael Nadal,2007,Rome Masters,"['QF', 'SF', 'F']"
Rafael Nadal,2007,Hamburg Masters,"['F', 'SF']"
Rafael Nadal,2007,Roland Garros,"['R128', 'QF', 'SF', 'F']"
Rafael Nadal,2007,Wimbledon,"['R64', 'SF', 'F']"
Rafael Nadal,2007,Stuttgart,['F']
Rafael Nadal,2007,Canada Masters,['SF']
Rafael Nadal,2007,US Open,['R16']
Rafael Nadal,2007,Madrid Masters,['R16']
Rafael Nadal,2007,Paris Masters,"['F', 'SF']"
Rafael Nadal,2007,Masters Cup,"['SF', 'RR']"
Rafael Nadal,2007,Tour Finals,['RR']
Rafael Nadal,2008,Chennai,['F']
Rafael Nadal,2008,Australian Open,"['QF', 'SF']"
Rafael Nadal,2008,Indian Wells Masters,['SF']
Rafael Nadal,2008,Miami Masters,"['SF', 'F']"
Rafael Nadal,2008,Monte Carlo Masters,"['F', 'SF']"
Rafael Nadal,2008,Barcelona,['F']
Rafael Nadal,2008,Hamburg Masters,"['F', 'R16', 'SF']"
Rafael Nadal,2008,Roland Garros,"['R64', 'SF', 'F']"
Rafael Nadal,2008,Queens Club,"['SF', 'F']"
Rafael Nadal,2008,Wimbledon,"['QF', 'SF', 'F']"
Rafael Nadal,2008,Canada Masters,"['SF', 'F']"
Rafael Nadal,2008,Cincinnati Masters,['SF']
Rafael Nadal,2008,Olympics,"['SF', 'F']"
Rafael Nadal,2008,US Open,['SF']
Rafael Nadal,2008,Madrid Masters,['SF']
Rafael Nadal,2009,Australian Open,"['QF', 'SF', 'F']"
Rafael Nadal,2009,Rotterdam,['F']
Rafael Nadal,2009,Davis Cup World Group R1,['RR']
Rafael Nadal,2009,Indian Wells Masters,"['SF', 'F']"
Rafael Nadal,2009,Monte Carlo Masters,"['SF', 'F']"
Rafael Nadal,2009,Barcelona,['F']
Rafael Nadal,2009,Rome Masters,"['SF', 'F']"
Rafael Nadal,2009,Madrid Masters,"['SF', 'F']"
Rafael Nadal,2009,Roland Garros,['R16']
Rafael Nadal,2009,Cincinnati Masters,['SF']
Rafael Nadal,2009,US Open,['SF']
Rafael Nadal,2009,Shanghai Masters,"['SF', 'F']"
Rafael Nadal,2009,Paris Masters,['SF']
Rafael Nadal,2009,Tour Finals,"['RR', 'RR']"
Rafael Nadal,2010,Doha,['F']
Rafael Nadal,2010,Australian Open,['QF']
Rafael Nadal,2010,Indian Wells Masters,['SF']
Rafael Nadal,2010,Miami Masters,['SF']
Rafael Nadal,2010,Monte Carlo Masters,"['R16', 'SF', 'F']"
Rafael Nadal,2010,Rome Masters,"['QF', 'SF', 'F']"
Rafael Nadal,2010,Madrid Masters,"['F', 'R16', 'SF']"
Rafael Nadal,2010,Roland Garros,"['SF', 'F']"
Rafael Nadal,2010,Wimbledon,"['R32', 'SF', 'F']"
Rafael Nadal,2010,Canada Masters,['SF']
Rafael Nadal,2010,US Open,"['SF', 'F']"
Rafael Nadal,2010,Tokyo,['F']
Rafael Nadal,2010,Shanghai Masters,['R32']
Rafael Nadal,2010,Tour Finals,"['RR', 'RR', 'SF', 'F']"
Rafael Nadal,2011,Doha,['SF']
Rafael Nadal,2011,Australian Open,['QF']
Rafael Nadal,2011,Indian Wells Masters,"['SF', 'F']"
Rafael Nadal,2011,Miami Masters,"['SF', 'F']"
Rafael Nadal,2011,Monte Carlo Masters,"['SF', 'F']"
Rafael Nadal,2011,Barcelona,['F']
Rafael Nadal,2011,Madrid Masters,"['SF', 'F']"
Rafael Nadal,2011,Rome Masters,"['F', 'SF']"
Rafael Nadal,2011,Roland Garros,"['R128', 'SF', 'F']"
Rafael Nadal,2011,Wimbledon,"['QF', 'SF', 'F']"
Rafael Nadal,2011,US Open,"['R32', 'QF', 'F', 'SF']"
Rafael Nadal,2011,Davis Cup World Group SF,"['RR', 'RR']"
Rafael Nadal,2011,Tokyo,['F']
Rafael Nadal,2011,Tour Finals,['RR']
Rafael Nadal,2012,Australian Open,"['QF', 'SF', 'F']"
Rafael Nadal,2012,Indian Wells Masters,['SF']
Rafael Nadal,2012,Monte Carlo Masters,"['SF', 'F']"
Rafael Nadal,2012,Barcelona,['F']
Rafael Nadal,2012,Rome Masters,"['SF', 'F']"
Rafael Nadal,2012,Roland Garros,"['SF', 'F']"
Rafael Nadal,2012,Wimbledon,['R64']
Rafael Nadal,2013,Vina del Mar,['F']
Rafael Nadal,2013,Sao Paulo,['F']
Rafael Nadal,2013,Acapulco,['F']
Rafael Nadal,2013,Indian Wells Masters,"['QF', 'SF', 'F']"
Rafael Nadal,2013,Monte Carlo Masters,"['F', 'SF']"
Rafael Nadal,2013,Barcelona,['F']
Rafael Nadal,2013,Madrid Masters,"['SF', 'F']"
Rafael Nadal,2013,Rome Masters,"['SF', 'F']"
Rafael Nadal,2013,Roland Garros,"['SF', 'F']"
Rafael Nadal,2013,Wimbledon,['R128']
Rafael Nadal,2013,Canada Masters,"['SF', 'F']"
Rafael Nadal,2013,Cincinnati Masters,"['QF', 'SF', 'F']"
Rafael Nadal,2013,US Open,"['QF', 'SF', 'F']"
Rafael Nadal,2013,Davis Cup World Group PO,['RR']
Rafael Nadal,2013,Beijing,"['QF', 'F']"
Rafael Nadal,2013,Shanghai Masters,"['R32', 'SF']"
Rafael Nadal,2013,Paris Masters,"['QF', 'SF']"
Rafael Nadal,2013,Tour Finals,"['SF', 'F']"
Rafael Nadal,2013,Doha,['R32']
Rafael Nadal,2014,Doha,"['R16', 'QF', 'SF', 'F']"
Rafael Nadal,2014,Australian Open,"['R128', 'R64', 'R32', 'R16', 'QF', 'SF', 'F']"
Rafael Nadal,2014,Rio de Janeiro,"['R32', 'R16', 'QF', 'SF', 'F']"
Rafael Nadal,2014,Indian Wells Masters,"['R64', 'R32']"
Rafael Nadal,2014,Miami Masters,"['R64', 'R32', 'R16', 'QF', 'F']"
Rafael Nadal,2014,Monte Carlo Masters,"['R32', 'R16', 'QF']"
Rafael Nadal,2014,Barcelona,"['R32', 'R16', 'QF']"
Rafael Nadal,2014,Madrid Masters,"['R32', 'R16', 'QF', 'SF', 'F']"
Rafael Nadal,2014,Rome Masters,"['R32', 'R16', 'QF', 'SF', 'F']"
Rafael Nadal,2014,Roland Garros,"['R128', 'R64', 'R32', 'R16', 'QF', 'SF', 'F']"
Rafael Nadal,2014,Halle,['R16']
Rafael Nadal,2014,Wimbledon,"['R128', 'R64', 'R32', 'R16']"
Rafael Nadal,2015,Doha,['R32']
Rafael Nadal,2015,Australian Open,"['R128', 'QF']"
Rafael Nadal,2015,Rio de Janeiro,"['R32', 'R16', 'SF']"
Rafael Nadal,2015,Buenos Aires,"['QF', 'F']"
Rafael Nadal,2015,Indian Wells Masters,['QF']
Rafael Nadal,2015,Monte Carlo Masters,"['QF', 'SF']"
Rafael Nadal,2015,Barcelona,['R16']
Rafael Nadal,2015,Madrid Masters,"['F', 'SF']"
Rafael Nadal,2015,Rome Masters,['R16']
Rafael Nadal,2015,Roland Garros,['QF']
Rafael Nadal,2015,Stuttgart,['F']
Rafael Nadal,2015,Wimbledon,['R64']
Rafael Nadal,2015,Hamburg,['F']
Rafael Nadal,2015,US Open,"['R64', 'R32']"
Rafael Nadal,2015,Beijing,['F']
Rafael Nadal,2015,Shanghai Masters,"['QF', 'SF']"
Rafael Nadal,2015,Basel,"['R16', 'SF', 'F']"
Rafael Nadal,2015,Paris Masters,['R16']
Rafael Nadal,2015,Tour Finals,"['RR', 'RR', 'SF']"
Rafael Nadal,2016,Doha,"['R16', 'SF', 'F']"
Rafael Nadal,2016,Australian Open,['R128']
Rafael Nadal,2016,Buenos Aires,['SF']
Rafael Nadal,2016,Indian Wells Masters,['SF']
Rafael Nadal,2016,Monte Carlo Masters,"['R32', 'R16', 'SF', 'F']"
Rafael Nadal,2016,Barcelona,['F']
Rafael Nadal,2016,Madrid Masters,"['QF', 'SF']"
Rafael Nadal,2016,Rome Masters,"['R16', 'QF']"
Rafael Nadal,2016,Olympics,"['SF', 'BR']"
Rafael Nadal,2016,US Open,['R16']
Rafael Nadal,2017,Australian Open,"['R32', 'QF', 'SF', 'F']"
Rafael Nadal,2017,Acapulco,"['F', 'R32', 'R16', 'QF', 'SF']"
Rafael Nadal,2017,Indian Wells Masters,"['R64', 'R32', 'R16']"
Rafael Nadal,2017,Miami Masters,"['R64', 'R16', 'SF', 'F']"
Rafael Nadal,2017,Miami,['R32']
Rafael Nadal,2017,Monte Carlo Masters,"['R32', 'R16', 'QF', 'SF', 'F']"
Rafael Nadal,2017,Barcelona,"['R16', 'QF', 'SF', 'F']"
Rafael Nadal,2017,Madrid Masters,"['R32', 'SF', 'F']"
Rafael Nadal,2017,Rome Masters,['QF']
Rafael Nadal,2017,Roland Garros,"['SF', 'F']"
Rafael Nadal,2017,Wimbledon,['R16']
Rafael Nadal,2017,Canada Masters,['R16']
Rafael Nadal,2017,Cincinnati Masters,['QF']
Rafael Nadal,2017,US Open,"['R128', 'SF', 'F']"
Rafael Nadal,2017,Beijing,"['R32', 'R16', 'QF', 'F']"
Rafael Nadal,2017,Shanghai Masters,"['SF', 'F']"
Rafael Nadal,2017,Paris Masters,['R32']
Rafael Nadal,2018,Australian Open,"['R128', 'QF']"
Rafael Nadal,2018,Davis Cup World Group QF,['RR']
Rafael Nadal,2018,Monte Carlo Masters,"['R32', 'R16', 'QF', 'SF', 'F']"
Rafael Nadal,2018,Barcelona,['F']
Rafael Nadal,2018,Madrid Masters,['QF']
Rafael Nadal,2018,Rome Masters,"['R16', 'QF', 'SF', 'F']"
Rafael Nadal,2018,Roland Garros,"['SF', 'F']"
Rafael Nadal,2018,Wimbledon,"['QF', 'SF']"
Rafael Nadal,2018,Canada Masters,"['SF', 'F']"
Rafael Nadal,2018,US Open,"['R32', 'R16', 'QF', 'SF']"
Rafael Nadal,2019,Australian Open,"['QF', 'SF', 'F']"
Rafael Nadal,2019,Acapulco,"['R32', 'R16']"
Rafael Nadal,2019,Indian Wells Masters,['QF']
Rafael Nadal,2019,Monte Carlo Masters,"['QF', 'SF']"
Rafael Nadal,2019,Barcelona,"['R16', 'R16', 'SF']"
Rafael Nadal,2019,Madrid Masters,['SF']
Rafael Nadal,2019,Rome Masters,"['SF', 'F']"
Rafael Nadal,2019,Roland Garros,"['SF', 'F']"
Rafael Nadal,2019,Wimbledon,"['R128', 'R64', 'R32', 'R16', 'SF']"
Rafael Nadal,2019,Canada Masters,['F']
Rafael Nadal,2019,US Open,"['QF', 'SF', 'F']"
Rafael Nadal,2019,Laver Cup,['RR']
Rafael Nadal,2019,Paris Masters,['QF']
Rafael Nadal,2019,Tour Finals,"['RR', 'RR', 'RR']"
Rafael Nadal,2019,Davis Cup Finals,['F']
Rafael Nadal,2020,ATP Cup,['F']
Rafael Nadal,2020,Australian Open,"['R32', 'R16', 'QF']"
Rafael Nadal,2020,Acapulco,"['SF', 'F']"
Rafael Nadal,2020,Rome Masters,['QF']
Rafael Nadal,2020,Roland Garros,"['QF', 'SF', 'F']"
Rafael Nadal,2020,Paris Masters,['SF']
Rafael Nadal,2020,Tour Finals,"['RR', 'RR', 'SF']"
Rafael Nadal,2021,Australian Open,['QF']
Rafael Nadal,2021,Monte Carlo Masters,['QF']
Rafael Nadal,2021,Barcelona,['F']
Rafael Nadal,2021,Madrid Masters,"['R32', 'QF']"
Rafael Nadal,2021,Rome Masters,"['SF', 'F']"
Rafael Nadal,2021,Roland Garros,"['R32', 'R16', 'QF', 'SF']"
Rafael Nadal,2022,Melbourne,"['R16', 'F']"
Rafael Nadal,2022,Australian Open,"['QF', 'SF', 'F']"
Rafael Nadal,2022,Acapulco,"['SF', 'F']"
Rafael Nadal,2022,Indian Wells Masters,"['R64', 'QF', 'SF', 'F']"
Rafael Nadal,2022,Madrid Masters,"['R16', 'QF']"
Rafael Nadal,2022,Roland Garros,"['R32', 'QF', 'SF', 'F']"
Rafael Nadal,2022,Wimbledon,"['R16', 'QF']"
Rafael Nadal,2022,US Open,['R16']
Rafael Nadal,2022,Paris Masters,['R32']
Rafael Nadal,2022,Tour Finals,"['RR', 'RR', 'RR']"
Rafael Nadal,2023,Australian Open,"['R128', 'R64']"
Rafael Nadal,2024,Brisbane,"['R32', 'R16', 'QF']"
Rafael Nadal,2024,Barcelona,['R64']
Rafael Nadal,2024,Rome Masters,['R64']
Rafael Nadal,2024,Roland Garros,['R128']
Rafael Nadal,2024,Bastad,"['R32', 'QF', 'F']"
Rafael Nadal,2024,Olympics,"['R64', 'R32']"
Terence Atmane,2023,US Open,['Q1']
Hugo Grenier,2021,Villena CH,['R16']
Hugo Grenier,2024,Marseille,['R32']
Joao Fonseca,2023,US Open Juniors,['F']
Joao Fonseca,2024,Rio de Janeiro,"['R32', 'QF']"
Joao Fonseca,2024,Bucharest,"['R32', 'R16']"
Joao Fonseca,2024,Davis Cup World Group,['RR']
Hamad Medjedovic,2022,Belgrade,['R32']
Hamad Medjedovic,2023,Gstaad,['R16']
Hamad Medjedovic,2023,NextGen Finals,['F']
Hamad Medjedovic,2024,Stuttgart,['R16']
Gregoire Barrere,2016,Granby CH,['R16']
Gregoire Barrere,2019,Metz,"['R16', 'QF']"
Gregoire Barrere,2019,Orleans CH,['F']
Gregoire Barrere,2020,US Open,['R64']
Gregoire Barrere,2021,Lille CH,['F']
Gregoire Barrere,2021,Wimbledon,['R128']
Gregoire Barrere,2023,Miami Masters,['R32']
Gregoire Barrere,2023,Banja Luka,['R16']
Gregoire Barrere,2023,Stuttgart,['R32']
Gregoire Barrere,2023,Canada Masters,['R64']
Gregoire Barrere,2023,Washington,['R64']
Gregoire Barrere,2023,US Open,['R128']
Gregoire Barrere,2023,Antwerp,['R16']
Gregoire Barrere,2024,Quimper CH,['R32']
Gregoire Barrere,2024,Bucharest,['SF']
Gregoire Barrere,2024,Bordeaux CH,['R16']
Gregoire Barrere,2024,Roland Garros,['R128']
Federico Agustin Gomez,2024,Cordoba,['R32']
Martin Landaluce,2022,US Open Juniors,['F']
Martin Landaluce,2022,Gijon,['R32']
Martin Landaluce,2024,Barcelona,['R64']
Alejandro Moro Canas,2024,Munich,['R32']
Alejandro Moro Canas,2024,Wimbledon,['R128']
Daniel Evans,2015,Knoxville CH,['F']
Daniel Evans,2015,Champaign CH,['R16']
Daniel Evans,2016,Taipei CH,['SF']
Daniel Evans,2016,Nottingham,['R16']
Daniel Evans,2016,Washington,['R32']
Daniel Evans,2016,Aptos CH,['F']
Daniel Evans,2017,Hopman Cup,['RR']
Daniel Evans,2017,Sydney,"['QF', 'F']"
Daniel Evans,2017,Australian Open,"['R32', 'R16']"
Daniel Evans,2017,Indian Wells Masters,['R64']
Daniel Evans,2017,Barcelona,['R16']
Daniel Evans,2019,Delray Beach,"['R16', 'F']"
Daniel Evans,2019,Surbiton CH,['F']
Daniel Evans,2019,Davis Cup Finals,['RR']
Daniel Evans,2020,ATP Cup,['QF']
Daniel Evans,2020,Dubai,"['QF', 'SF']"
Daniel Evans,2021,Murray River Open,['F']
Daniel Evans,2021,Doha,['R16']
Daniel Evans,2021,Monte Carlo Masters,"['R32', 'R16', 'SF']"
Daniel Evans,2021,Wimbledon,['R128']
Daniel Evans,2021,US Open,['R16']
Daniel Evans,2021,Vienna,['R32']
Daniel Evans,2022,Sydney,['QF']
Daniel Evans,2022,Australian Open,['R128']
Daniel Evans,2022,Indian Wells Masters,['R64']
Daniel Evans,2022,Queens Club,['R32']
Daniel Evans,2022,Eastbourne,['R16']
Daniel Evans,2022,Canada Masters,['SF']
Daniel Evans,2022,Cincinnati Masters,['R64']
Daniel Evans,2022,Davis Cup Finals,['RR']
Daniel Evans,2022,Vienna,"['R16', 'QF']"
Daniel Evans,2023,Barcelona,['SF']
Daniel Evans,2023,Rome,['R64']
Daniel Evans,2023,Washington,['F']
Daniel Evans,2023,US Open,['R32']
Daniel Evans,2024,Bordeaux CH,['QF']
Daniel Evans,2024,Olympics,['R64']
Daniel Evans,2024,US Open,['R128']
Stefano Napolitano,2016,Puebla CH,['Q3']
Zachary Svajda,2022,San Diego,['R32']
Raphael Collignon,2023,Roland Garros,['Q1']
Raphael Collignon,2024,Luedenscheid,['F']
Raphael Collignon,2024,Davis Cup World Group,['RR']
Titouan Droguet,2023,Roland Garros,['Q1']
Titouan Droguet,2023,Amersfoort CH,['F']
Felipe Meligeni Alves,2020,Sao Paulo CH,['F']
Felipe Meligeni Alves,2024,Roland Garros,['Q3']
Maks Kasnikowski,2024,US Open,['R128']
Stan Wawrinka,2005,Canada Masters,['R64']
Stan Wawrinka,2007,Stuttgart,['F']
Stan Wawrinka,2007,Vienna,['F']
Stan Wawrinka,2008,Doha,['F']
Stan Wawrinka,2008,Rome Masters,"['QF', 'SF', 'F']"
Stan Wawrinka,2009,Monte Carlo Masters,['SF']
Stan Wawrinka,2010,Rome Masters,['QF']
Stan Wawrinka,2010,Roland Garros,['R16']
Stan Wawrinka,2010,US Open,"['R32', 'QF']"
Stan Wawrinka,2010,Shanghai Masters,['R32']
Stan Wawrinka,2011,Australian Open,['QF']
Stan Wawrinka,2011,Indian Wells Masters,['QF']
Stan Wawrinka,2012,Roland Garros,['R16']
Stan Wawrinka,2012,Olympics,['R64']
Stan Wawrinka,2012,Cincinnati Masters,['SF']
Stan Wawrinka,2012,Shanghai Masters,['R16']
Stan Wawrinka,2013,Australian Open,['R16']
Stan Wawrinka,2013,Monte Carlo Masters,['R16']
Stan Wawrinka,2013,Estoril,['F']
Stan Wawrinka,2013,Madrid Masters,"['R16', 'SF', 'F']"
Stan Wawrinka,2013,s Hertogenbosch,['F']
Stan Wawrinka,2013,US Open,"['QF', 'SF']"
Stan Wawrinka,2013,Paris Masters,['QF']
Stan Wawrinka,2013,Tour Finals,"['RR', 'SF']"
Stan Wawrinka,2014,Chennai,"['QF', 'F']"
Stan Wawrinka,2014,Australian Open,"['QF', 'SF', 'F']"
Stan Wawrinka,2014,Indian Wells Masters,['R64']
Stan Wawrinka,2014,Monte Carlo Masters,"['SF', 'F']"
Stan Wawrinka,2014,Madrid Masters,['R32']
Stan Wawrinka,2014,Rome,['R16']
Stan Wawrinka,2014,Queens Club,['SF']
Stan Wawrinka,2014,Wimbledon,['QF']
Stan Wawrinka,2014,Tokyo,['R32']
Stan Wawrinka,2014,Paris Masters,['R32']
Stan Wawrinka,2014,Tour Finals,"['RR', 'SF']"
Stan Wawrinka,2015,Chennai,['F']
Stan Wawrinka,2015,Australian Open,"['QF', 'SF']"
Stan Wawrinka,2015,Rotterdam,['F']
Stan Wawrinka,2015,Monte Carlo Masters,['R32']
Stan Wawrinka,2015,Madrid Masters,['R16']
Stan Wawrinka,2015,Rome Masters,"['R16', 'SF']"
Stan Wawrinka,2015,Geneva,['R16']
Stan Wawrinka,2015,Roland Garros,"['QF', 'SF', 'F']"
Stan Wawrinka,2015,Queens Club,['R16']
Stan Wawrinka,2015,Wimbledon,['QF']
Stan Wawrinka,2015,US Open,['SF']
Stan Wawrinka,2015,Tokyo,"['SF', 'F']"
Stan Wawrinka,2015,Shanghai Masters,"['R32', 'QF']"
Stan Wawrinka,2015,Paris Masters,"['R16', 'SF']"
Stan Wawrinka,2015,Tour Finals,"['RR', 'RR', 'SF']"
Stan Wawrinka,2016,Chennai,['F']
Stan Wawrinka,2016,Australian Open,"['R32', 'R16']"
Stan Wawrinka,2016,Marseille,['QF']
Stan Wawrinka,2016,Dubai,['F']
Stan Wawrinka,2016,Indian Wells Masters,"['R64', 'R32']"
Stan Wawrinka,2016,Miami Masters,['R64']
Stan Wawrinka,2016,Roland Garros,['SF']
Stan Wawrinka,2016,Canada Masters,['SF']
Stan Wawrinka,2016,US Open,"['QF', 'SF', 'F']"
Stan Wawrinka,2016,St Petersburg,['F']
Stan Wawrinka,2016,Tour Finals,"['RR', 'RR']"
Stan Wawrinka,2017,Australian Open,['SF']
Stan Wawrinka,2017,Indian Wells Masters,"['R32', 'R16', 'QF', 'SF', 'F']"
Stan Wawrinka,2017,Miami Masters,['R16']
Stan Wawrinka,2017,Geneva,['F']
Stan Wawrinka,2017,Roland Garros,"['SF', 'F']"
Stan Wawrinka,2018,Sofia,['R16']
Stan Wawrinka,2018,Rotterdam,['R32']
Stan Wawrinka,2018,Queens Club,['R16']
Stan Wawrinka,2018,Cincinnati Masters,"['R16', 'QF']"
Stan Wawrinka,2018,St Petersburg,"['R32', 'R16']"
Stan Wawrinka,2019,Doha,['R16']
Stan Wawrinka,2019,Australian Open,['R64']
Stan Wawrinka,2019,Rotterdam,"['QF', 'SF', 'F']"
Stan Wawrinka,2019,Acapulco,['QF']
Stan Wawrinka,2019,Indian Wells Masters,['R64']
Stan Wawrinka,2019,Roland Garros,"['R64', 'R16', 'QF']"
Stan Wawrinka,2019,Queens Club,['R16']
Stan Wawrinka,2019,Wimbledon,"['R128', 'R64']"
Stan Wawrinka,2019,Cincinnati Masters,['R64']
Stan Wawrinka,2019,US Open,"['R128', 'R16', 'QF']"
Stan Wawrinka,2019,Antwerp,"['SF', 'F']"
Stan Wawrinka,2020,Doha,['SF']
Stan Wawrinka,2020,Australian Open,"['R16', 'QF']"
Stan Wawrinka,2020,Acapulco,['R32']
Stan Wawrinka,2020,Roland Garros,"['R128', 'R32']"
Stan Wawrinka,2021,Australian Open,['R64']
Stan Wawrinka,2021,Rotterdam,['R32']
Stan Wawrinka,2022,Rome Masters,"['R64', 'R16']"
Stan Wawrinka,2022,Queens Club,['R16']
Stan Wawrinka,2022,Canada Masters,['R64']
Stan Wawrinka,2022,Cincinnati Masters,['R64']
Stan Wawrinka,2022,Metz,['R16']
Stan Wawrinka,2022,Basel,"['R32', 'QF']"
Stan Wawrinka,2023,United Cup,['RR']
Stan Wawrinka,2023,Australian Open,['R128']
Stan Wawrinka,2023,Rotterdam,"['R16', 'QF']"
Stan Wawrinka,2023,Indian Wells Masters,['R32']
Stan Wawrinka,2023,Monte Carlo Masters,['R64']
Stan Wawrinka,2023,Madrid Masters,"['R128', 'R64']"
Stan Wawrinka,2023,Wimbledon,['R128']
Stan Wawrinka,2023,Umag,['F']
Stan Wawrinka,2023,US Open,['R32']
Stan Wawrinka,2023,Paris Masters,['R64']
Stan Wawrinka,2024,Australian Open,['R128']
Stan Wawrinka,2024,Monte Carlo Masters,['R64']
Stan Wawrinka,2024,Roland Garros,['R128']
Stan Wawrinka,2024,Wimbledon,['R128']
Stan Wawrinka,2024,Stockholm,['QF']
Henrique Rocha,2024,Estoril,['R32']
Henrique Rocha,2024,Curitiba CH,['R32']
Gijs Brouwer,2019,Dallas CH,['Q1']
Gijs Brouwer,2019,Amersfoort CH,['R64']
Gijs Brouwer,2021,ITF Champaign,['F']
Gijs Brouwer,2021,Dutch Championships,['F']
Gijs Brouwer,2022,Houston,"['R16', 'QF']"
Gijs Brouwer,2022,US Open,"['Q3', 'R128', 'R64']"
Gijs Brouwer,2023,Rotterdam,"['R32', 'R16', 'QF']"
Gijs Brouwer,2023,Houston,"['R16', 'SF']"
Gijs Brouwer,2023,Dutch Championships,['F']
Gijs Brouwer,2024,Saint Tropez CH,['F']
Patrick Kypson,2023,US Open,['Q2']
Patrick Kypson,2024,Indian Wells Masters,['R128']
Patrick Kypson,2024,Miami Masters,['Q1']
Tomas Barrios Vera,2020,Santiago,['R16']
Tomas Barrios Vera,2021,Santiago CH,['F']
Tomas Barrios Vera,2021,Almaty CH,['F']
Tomas Barrios Vera,2021,US Open,['Q1']
Tomas Barrios Vera,2024,Campinas CH,['QF']
Dmitry Popko,2017,Burnie CH,['SF']
Dmitry Popko,2022,Davis Cup Finals,['RR']
Dmitry Popko,2024,Davis Cup Qualifiers,['RR']
Tristan Schoolkate,2021,Great Ocean Road Open,['R64']
Tristan Schoolkate,2024,US Open,['R128']
Gustavo Heide,2024,Davis Cup Qualifiers,['RR']
Sho Shimabukuro,2023,Wimbledon,['R128']
Juan Pablo Ficovich,2019,Campinas CH,['F']
Alex Bolt,2014,Napa CH,['R16']
Alex Bolt,2019,Indian Wells Masters,['R64']
Alex Bolt,2021,San Diego,['R32']
Constant Lestienne,2016,Ostrava CH,['F']
Constant Lestienne,2018,Cherbourg CH,['F']
Constant Lestienne,2018,Orleans CH,['R16']
Constant Lestienne,2022,Tel Aviv,['QF']
Constant Lestienne,2024,Wimbledon,['R128']
Paul Jubb,2022,Roland Garros,['Q1']
Paul Jubb,2022,Wimbledon,['R128']
Paul Jubb,2022,US Open,['Q3']
Paul Jubb,2024,Wimbledon,['R128']
Valentin Royer,2024,Roland Garros,['Q2']
Beibit Zhukayev,2023,Shanghai Masters,['R64']
Jan Choinski,2023,Roland Garros,['Q2']
Jan Choinski,2023,Wimbledon,['R64']
Jan Choinski,2024,Estoril,['R16']
Matteo Martineau,2023,Metz,['R32']
Matteo Martineau,2024,Szekesfehervar CH,['R16']
Henri Squire,2024,Roland Garros,['Q3']
Murkel Alejandro Dellien Velasco,2024,Roland Garros,['Q1']
Li Tu,2021,Australian Open,['R128']
Li Tu,2024,US Open,['Q3']
Stefano Travaglia,2017,Ostrava CH,['F']
Stefano Travaglia,2019,Australian Open,['R128']
Stefano Travaglia,2019,Gstaad,['R16']
Stefano Travaglia,2019,Sopot CH,['QF']
Stefano Travaglia,2019,Stockholm,['R32']
Stefano Travaglia,2020,ATP Cup,['RR']
Stefano Travaglia,2021,Great Ocean Road Open,['F']
Vilius Gaubas,2024,Vicenza CH,['R16']
Aziz Dougaz,2023,US Open,['Q1']
Omar Jasika,2017,Burnie CH,['SF']
Omar Jasika,2024,Australian Open,['R128']
Timofey Skatov,2022,Roland Garros,['Q2']
Timofey Skatov,2022,Amersfoort CH,['R32']
Timofey Skatov,2024,US Open,['R128']
Carlos Taberner,2018,Santiago CH,['R16']
Carlos Taberner,2021,US Open,['R128']
Nishesh Basavareddy,2024,Tiburon CH,['QF']
Brandon Holt,2022,US Open,"['R128', 'R64']"
Facundo Mena,2019,Sopot CH,['R32']
Facundo Mena,2021,Santiago CH,['QF']
Alibek Kachmazov,2024,Chengdu,['QF']
Bernard Tomic,2012,Delray Beach,['R16']
Bernard Tomic,2013,Sydney,"['R32', 'R16', 'F']"
Bernard Tomic,2013,Miami Masters,['R64']
Bernard Tomic,2013,Washington,['R16']
Bernard Tomic,2014,Sydney,"['R32', 'QF', 'F']"
Bernard Tomic,2014,Australian Open,['R128']
Bernard Tomic,2014,Wimbledon,['R64']
Bernard Tomic,2014,Bogota,"['SF', 'F']"
Bernard Tomic,2015,Brisbane,['QF']
Bernard Tomic,2015,Sydney,['QF']
Bernard Tomic,2015,Australian Open,['R16']
Bernard Tomic,2015,Indian Wells Masters,['R32']
Bernard Tomic,2015,Stuttgart,"['R32', 'R16']"
Bernard Tomic,2015,Bogota,"['SF', 'F']"
Bernard Tomic,2015,Washington,['R32']
Bernard Tomic,2015,US Open,['R64']
Bernard Tomic,2015,Shanghai Masters,"['R32', 'QF']"
Bernard Tomic,2016,Brisbane,['SF']
Bernard Tomic,2016,Quito,['QF']
Bernard Tomic,2016,Acapulco,['F']
Bernard Tomic,2016,Shenzhen,['R16']
Bernard Tomic,2017,Australian Open,['R32']
Bernard Tomic,2018,Chengdu,['F']
Bernard Tomic,2019,Budapest,['R32']
Bernard Tomic,2024,San Luis Potosi CH,['R32']
Marin Cilic,2009,Chennai,['F']
Marin Cilic,2009,US Open,['QF']
Marin Cilic,2009,Beijing,['F']
Marin Cilic,2010,Australian Open,['SF']
Marin Cilic,2011,US Open,['R32']
Marin Cilic,2012,Munich,['F']
Marin Cilic,2012,Shanghai Masters,['QF']
Marin Cilic,2013,Queens Club,['F']
Marin Cilic,2014,Brisbane,"['R16', 'QF']"
Marin Cilic,2014,Zagreb,['F']
Marin Cilic,2014,Rotterdam,['F']
Marin Cilic,2014,Madrid Masters,['R32']
Marin Cilic,2014,Wimbledon,['QF']
Marin Cilic,2014,Umag,['SF']
Marin Cilic,2014,US Open,"['SF', 'F']"
Marin Cilic,2014,Moscow,['F']
Marin Cilic,2014,Tour Finals,"['RR', 'RR', 'RR']"
Marin Cilic,2015,Rome Masters,['R64']
Marin Cilic,2015,Wimbledon,['QF']
Marin Cilic,2015,US Open,['SF']
Marin Cilic,2015,Shenzhen,"['R16', 'QF']"
Marin Cilic,2015,Shanghai Masters,['R64']
Marin Cilic,2016,Marseille,"['QF', 'F']"
Marin Cilic,2016,Indian Wells Masters,['QF']
Marin Cilic,2016,Wimbledon,['QF']
Marin Cilic,2016,Cincinnati Masters,"['SF', 'F']"
Marin Cilic,2016,Basel,"['SF', 'F']"
Marin Cilic,2016,Paris Masters,['SF']
Marin Cilic,2016,Davis Cup World Group F,['RR']
Marin Cilic,2017,Acapulco,['SF']
Marin Cilic,2017,Istanbul,['F']
Marin Cilic,2017,Queens Club,['F']
Marin Cilic,2017,Wimbledon,"['SF', 'F']"
Marin Cilic,2017,US Open,['R32']
Marin Cilic,2017,Shanghai Masters,['SF']
Marin Cilic,2017,Basel,['QF']
Marin Cilic,2017,Tour Finals,"['RR', 'RR']"
Marin Cilic,2018,Australian Open,"['QF', 'SF', 'F']"
Marin Cilic,2018,Monte Carlo Masters,['QF']
Marin Cilic,2018,Rome Masters,['SF']
Marin Cilic,2018,Roland Garros,['QF']
Marin Cilic,2018,Queens Club,['F']
Marin Cilic,2018,Cincinnati Masters,['SF']
Marin Cilic,2018,US Open,"['R32', 'QF']"
Marin Cilic,2018,Tour Finals,"['RR', 'RR']"
Marin Cilic,2018,Davis Cup World Group F,"['RR', 'RR']"
Marin Cilic,2019,Australian Open,['R32']
Marin Cilic,2019,Dubai,['R32']
Marin Cilic,2019,Miami Masters,['R64']
Marin Cilic,2019,Canada Masters,['R16']
Marin Cilic,2019,Cincinnati Masters,['R64']
Marin Cilic,2019,Paris Masters,['R64']
Marin Cilic,2020,Dubai,['R32']
Marin Cilic,2020,US Open,['R32']
Marin Cilic,2021,Miami Masters,"['R32', 'R16']"
Marin Cilic,2021,Estoril,['SF']
Marin Cilic,2021,Roland Garros,['R64']
Marin Cilic,2021,Stuttgart,['F']
Marin Cilic,2021,Olympics,['R64']
Marin Cilic,2021,Cincinnati Masters,['R64']
Marin Cilic,2021,Moscow,['F']
Marin Cilic,2021,St Petersburg,['F']
Marin Cilic,2021,Paris Masters,['R64']
Marin Cilic,2021,Davis Cup Finals,['RR']
Marin Cilic,2022,Adelaide,['SF']
Marin Cilic,2022,Australian Open,['R32']
Marin Cilic,2022,Monte Carlo Masters,['R64']
Marin Cilic,2022,Rome Masters,['R64']
Marin Cilic,2022,Roland Garros,"['R32', 'R16', 'QF', 'SF']"
Marin Cilic,2022,Queens Club,['SF']
Marin Cilic,2022,Canada Masters,"['R32', 'R16']"
Marin Cilic,2022,Cincinnati Masters,['R64']
Marin Cilic,2022,US Open,['R16']
Marin Cilic,2022,Tel Aviv,"['R16', 'F']"
Marin Cilic,2022,Paris Masters,['R64']
Marin Cilic,2022,Davis Cup Finals,['QF']
Marin Cilic,2024,Hangzhou,['F']
Jurij Rodionov,2019,Davis Cup Qualifiers,['RR']
Jurij Rodionov,2020,Rennes CH,['R64']
Jurij Rodionov,2022,Kitzbuhel,['R32']
Jurij Rodionov,2023,Surbiton CH,['F']
Pablo Carreno Busta,2014,Miami Masters,['R128']
Pablo Carreno Busta,2014,Bastad,['QF']
Pablo Carreno Busta,2015,Rio de Janeiro,['R16']
Pablo Carreno Busta,2015,Casablanca,['R32']
Pablo Carreno Busta,2015,Barcelona,['R64']
Pablo Carreno Busta,2015,Sevilla CH,['F']
Pablo Carreno Busta,2015,Mohammedia CH,['R32']
Pablo Carreno Busta,2016,Sao Paulo,['F']
Pablo Carreno Busta,2016,Indian Wells Masters,['R128']
Pablo Carreno Busta,2016,Miami Masters,['R128']
Pablo Carreno Busta,2016,Winston Salem,['F']
Pablo Carreno Busta,2016,Moscow,"['QF', 'F']"
Pablo Carreno Busta,2017,Buenos Aires,['R16']
Pablo Carreno Busta,2017,Rio de Janeiro,"['SF', 'F']"
Pablo Carreno Busta,2017,Indian Wells Masters,['SF']
Pablo Carreno Busta,2017,Monte Carlo Masters,['R16']
Pablo Carreno Busta,2017,Estoril,"['SF', 'F']"
Pablo Carreno Busta,2017,US Open,"['R16', 'SF']"
Pablo Carreno Busta,2017,Vienna,['R16']
Pablo Carreno Busta,2017,Tour Finals,"['RR', 'RR']"
Pablo Carreno Busta,2018,Miami Masters,['SF']
Pablo Carreno Busta,2018,Barcelona,"['R32', 'R16', 'QF', 'SF']"
Pablo Carreno Busta,2018,Winston Salem,['R16']
Pablo Carreno Busta,2019,Australian Open,"['R32', 'R16']"
Pablo Carreno Busta,2019,Antalya,['SF']
Pablo Carreno Busta,2019,Chengdu,['F']
Pablo Carreno Busta,2019,Shanghai Masters,['R32']
Pablo Carreno Busta,2020,Australian Open,['R32']
Pablo Carreno Busta,2020,US Open,"['QF', 'SF']"
Pablo Carreno Busta,2020,Roland Garros,['QF']
Pablo Carreno Busta,2021,Marbella,['F']
Pablo Carreno Busta,2021,Barcelona,['R16']
Pablo Carreno Busta,2021,Hamburg,['F']
Pablo Carreno Busta,2021,Olympics,"['SF', 'BR']"
Pablo Carreno Busta,2021,Tokyo Olympics,['QF']
Pablo Carreno Busta,2021,Cincinnati Masters,"['R16', 'QF']"
Pablo Carreno Busta,2021,US Open,['R128']
Pablo Carreno Busta,2021,Metz,['F']
Pablo Carreno Busta,2022,ATP Cup,['F']
Pablo Carreno Busta,2022,Australian Open,"['R64', 'R16']"
Pablo Carreno Busta,2022,Miami Masters,['R32']
Pablo Carreno Busta,2022,Barcelona,['F']
Pablo Carreno Busta,2022,Roland Garros,['R128']
Pablo Carreno Busta,2022,Halle,['QF']
Pablo Carreno Busta,2022,Canada Masters,"['R64', 'R16', 'SF', 'F']"
Pablo Carreno Busta,2022,US Open,['R128']
Pablo Carreno Busta,2022,Gijon,['QF']
Pablo Carreno Busta,2022,Paris Masters,['R16']
Pablo Carreno Busta,2022,Davis Cup Finals,['QF']
Pablo Carreno Busta,2024,Beijing,['R32']
Emilio Nava,2022,US Open,"['R128', 'R64']"
Emilio Nava,2023,US Open,['R128']
Emilio Nava,2024,Cleveland CH,['R16']
Emilio Nava,2024,Madrid Masters,['Q1']
Juan Pablo Varillas,2019,Campinas CH,['F']
Juan Pablo Varillas,2019,Santo Domingo CH,['F']
Juan Pablo Varillas,2021,Buenos Aires CH,['QF']
Juan Pablo Varillas,2022,Gstaad,['QF']
Juan Pablo Varillas,2023,Australian Open,['R128']
Juan Pablo Varillas,2023,Buenos Aires,['R16']
Juan Pablo Varillas,2023,Roland Garros,"['R32', 'R16']"
Juan Pablo Varillas,2023,Astana,['R32']
Juan Pablo Varillas,2024,Asuncion CH,['R32']
Andrea Collarini,2015,Montevideo CH,['R32']
Andrea Collarini,2019,Cordenons CH,['R16']
Oriol Roca Batalla,2023,Braga CH,['F']
Enzo Couacaud,2019,Gatineau CH,['F']
Enzo Couacaud,2021,US Open,['Q3']
Enzo Couacaud,2023,Australian Open,['R64']
Adrian Andreev,2022,Orleans CH,['R16']
Adrian Andreev,2024,Vicenza CH,['R16']
Adrian Andreev,2024,Karlsruhe CH,['QF']
Nick Hardt,2022,ITF Santo Domingo,['R16']
Nick Hardt,2022,Alicante CH,['F']
Nick Hardt,2024,Barcelona CH,['F']
Nick Hardt,2024,Barcelona,['R64']
Javier Barranco Cosano,2021,ITF The Hague,['F']
Ugo Blanchet,2022,Roanne CH,['R16']
Nicolas Mejia,2021,Davis Cup Finals,['RR']
Nicolas Mejia,2023,Roland Garros,['Q1']
Nicolas Mejia,2024,San Luis Potosi CH,['QF']
Ethan Quinn,2024,Indian Wells Masters,['R128']
Denis Yevseyev,2023,Shanghai Masters,['R128']
Santiago Fa Rodriguez Taverna,2022,Roland Garros,['Q2']
Michael Mmoh,2016,Maui CH,['R16']
Michael Mmoh,2016,Miami Masters,['R128']
Michael Mmoh,2017,San Francisco CH,['SF']
Michael Mmoh,2022,Fairfield CH,['F']
Michael Mmoh,2023,Washington,['R32']
Michael Mmoh,2023,US Open,['R64']
Antoine Escoffier,2020,Columbus CH,['R32']
Antoine Escoffier,2022,Ortisei CH,['R16']
Ignacio Buse,2024,Davis Cup Qualifiers,['RR']
Denis Kudla,2014,Winnetka CH,['F']
Denis Kudla,2015,Indian Wells Masters,['R128']
Denis Kudla,2015,Surbiton CH,['SF']
Denis Kudla,2015,Sacramento CH,['QF']
Denis Kudla,2016,Delray Beach,['R32']
Denis Kudla,2016,Houston,['R32']
Denis Kudla,2016,Charlottesville CH,['R32']
Denis Kudla,2018,Halle,"['R16', 'SF']"
Denis Kudla,2018,US Open,['R64']
Denis Kudla,2018,Tokyo,['R32']
Denis Kudla,2019,Dubai,['R16']
Denis Kudla,2019,Stuttgart,['QF']
Denis Kudla,2019,Wimbledon,['R64']
Denis Kudla,2019,Winston Salem,['R64']
Denis Kudla,2019,US Open,['R128']
Denis Kudla,2021,Miami Masters,['R64']
Denis Kudla,2021,Orlando CH,['F']
Calvin Hemery,2015,Mouilleron CH,['R16']
Mark Lajal,2023,US Open,['Q1']
Mark Lajal,2023,Antwerp,['R16']
Mark Lajal,2024,Wimbledon,['R128']
Tung Lin Wu,2022,Nonthaburi CH,['R16']
Tung Lin Wu,2022,Seoul,['R32']
Gianluca Mager,2019,Barletta CH,['F']
Gianluca Mager,2019,Hamburg CH,['R16']
Gianluca Mager,2020,Australian Open,['Q2']
Gianluca Mager,2020,Rio De Janeiro,"['SF', 'F']"
Gianluca Mager,2020,Davis Cup Qualifiers,['RR']
Maxime Cressy,2019,Cleveland CH,['F']
Maxime Cressy,2020,Drummondville CH,['F']
Maxime Cressy,2020,US Open,['R64']
Maxime Cressy,2021,US Open,['R128']
Maxime Cressy,2021,Eckental CH,['F']
Maxime Cressy,2022,Melbourne,"['R16', 'SF', 'F']"
Maxime Cressy,2022,Sydney,['QF']
Maxime Cressy,2022,Australian Open,['R16']
Maxime Cressy,2022,Madrid Masters,['R64']
Maxime Cressy,2022,Halle,['R32']
Maxime Cressy,2022,Eastbourne,"['R16', 'QF', 'SF', 'F']"
Maxime Cressy,2022,Wimbledon,['R128']
Maxime Cressy,2022,Newport,"['QF', 'SF', 'F']"
Maxime Cressy,2022,Washington,['R16']
Maxime Cressy,2022,Canada Masters,['R64']
Maxime Cressy,2022,Winston Salem,"['QF', 'R32']"
Maxime Cressy,2022,Tel Aviv,"['R16', 'QF']"
Maxime Cressy,2022,Astana,['R32']
Maxime Cressy,2022,Paris Masters,"['R64', 'R32']"
Maxime Cressy,2023,Australian Open,['R64']
Maxime Cressy,2023,Montpellier,"['SF', 'F']"
Maxime Cressy,2023,Rotterdam,['R32']
Maxime Cressy,2023,Monte Carlo Masters,['R64']
Maxime Cressy,2023,Madrid Masters,['R128']
Maxime Cressy,2023,Newport,['R32']
Maxime Cressy,2024,Newport,['R32']
Giulio Zeppieri,2020,Sardinia,['R32']
Giulio Zeppieri,2022,Roland Garros,['R128']
Giulio Zeppieri,2022,Umag,['SF']
Giulio Zeppieri,2024,Rotterdam,['Q2']
Abedallah Shelbayh,2023,Manama CH,['F']
Abedallah Shelbayh,2023,Doha,['R32']
Abedallah Shelbayh,2023,Charleston CH,['F']
J J Wolf,2019,Champaign CH,['F']
J J Wolf,2020,US Open,['R32']
J J Wolf,2022,Australian Open,['Q1']
J J Wolf,2022,Miami Masters,['R128']
J J Wolf,2022,Houston,['R16']
J J Wolf,2022,Winston Salem,['R64']
J J Wolf,2022,US Open,['R32']
J J Wolf,2022,Florence,"['SF', 'F']"
J J Wolf,2023,Australian Open,['R16']
J J Wolf,2023,Rome Masters,['R64']
J J Wolf,2023,Shanghai Masters,['R16']
J J Wolf,2024,Roland Garros,['R128']
Marc Polmans,2017,Nottingham CH,['R32']
Marc Polmans,2019,Bangkok CH,['R32']
Marc Polmans,2019,Shenzhen CH,['R64']
Marc Polmans,2019,Zhangjiagang CH,['F']
Marc Polmans,2020,Australian Open,['R128']
Liam Draxl,2024,Canada Masters,['Q1']
Milos Raonic,2009,Canada Masters,['R32']
Milos Raonic,2011,Memphis,['F']
Milos Raonic,2011,Shanghai Masters,['R32']
Milos Raonic,2011,Stockholm,['QF']
Milos Raonic,2012,Chennai,['F']
Milos Raonic,2012,Davis Cup World Group R1,['RR']
Milos Raonic,2012,Memphis,['F']
Milos Raonic,2012,US Open,['R16']
Milos Raonic,2012,Tokyo,['F']
Milos Raonic,2013,Australian Open,['R16']
Milos Raonic,2013,Canada Masters,"['SF', 'F']"
Milos Raonic,2013,Bangkok,"['QF', 'F']"
Milos Raonic,2013,Tokyo,['F']
Milos Raonic,2014,Indian Wells Masters,['R16']
Milos Raonic,2014,Miami Masters,['QF']
Milos Raonic,2014,Rome Masters,['SF']
Milos Raonic,2014,Wimbledon,['SF']
Milos Raonic,2014,Washington,['F']
Milos Raonic,2014,Cincinnati Masters,['SF']
Milos Raonic,2014,Moscow,['R16']
Milos Raonic,2014,Paris Masters,"['QF', 'F', 'SF']"
Milos Raonic,2014,Tour Finals,"['RR', 'RR']"
Milos Raonic,2015,Brisbane,['F']
Milos Raonic,2015,Australian Open,['QF']
Milos Raonic,2015,Rotterdam,"['R32', 'R16']"
Milos Raonic,2015,Indian Wells Masters,"['R16', 'QF', 'SF']"
Milos Raonic,2015,Monte Carlo Masters,['QF']
Milos Raonic,2015,US Open,"['R128', 'R64']"
Milos Raonic,2015,St Petersburg,['QF']
Milos Raonic,2015,Shanghai Masters,['R64']
Milos Raonic,2016,Brisbane,"['QF', 'SF', 'F']"
Milos Raonic,2016,Australian Open,"['R16', 'QF', 'SF']"
Milos Raonic,2016,Indian Wells Masters,"['R64', 'SF', 'F']"
Milos Raonic,2016,Miami Masters,['QF']
Milos Raonic,2016,Madrid Masters,['QF']
Milos Raonic,2016,Queens Club,['F']
Milos Raonic,2016,Wimbledon,"['SF', 'F']"
Milos Raonic,2016,Cincinnati Masters,"['QF', 'SF']"
Milos Raonic,2016,Tour Finals,"['RR', 'RR', 'RR', 'SF']"
Milos Raonic,2017,Australian Open,"['R32', 'QF']"
Milos Raonic,2017,Delray Beach,['SF']
Milos Raonic,2017,Istanbul,['F']
Milos Raonic,2017,Wimbledon,['QF']
Milos Raonic,2018,Indian Wells Masters,['SF']
Milos Raonic,2018,Miami Masters,['R32']
Milos Raonic,2018,Madrid Masters,['R32']
Milos Raonic,2018,Stuttgart,['F']
Milos Raonic,2018,Wimbledon,['QF']
Milos Raonic,2019,Brisbane,['QF']
Milos Raonic,2019,Australian Open,"['R128', 'R64', 'R32', 'R16', 'QF']"
Milos Raonic,2019,Indian Wells Masters,"['QF', 'SF']"
Milos Raonic,2019,Wimbledon,"['R64', 'R32', 'R16']"
Milos Raonic,2019,Laver Cup,"['RR', 'RR']"
Milos Raonic,2019,Paris Masters,['R32']
Milos Raonic,2020,Australian Open,"['R32', 'QF']"
Milos Raonic,2020,Cincinnati Masters,"['SF', 'F']"
Milos Raonic,2020,Paris Masters,['SF']
Milos Raonic,2021,Australian Open,['R16']
Milos Raonic,2021,Miami Masters,"['R64', 'R16']"
Milos Raonic,2023,s Hertogenbosch,['R32']
Milos Raonic,2023,Wimbledon,"['R128', 'R64']"
Milos Raonic,2023,US Open,['R128']
Milos Raonic,2023,Davis Cup Finals,['QF']
Milos Raonic,2024,Rotterdam,"['R32', 'R16']"
Yu Hsiou Hsu,2023,Australian Open,['R128']
Yu Hsiou Hsu,2023,US Open,['Q3']
Yu Hsiou Hsu,2023,Shanghai Masters,['R32']
Rudolf Molleker,2018,Heilbronn CH,['SF']
Rudolf Molleker,2019,Sophia Antipolis CH,['SF']
Rudolf Molleker,2019,Halle,['R32']
Alexander Blockx,2023,Australian Open Juniors,['F']
Alexis Galarneau,2022,Davis Cup Qualifiers,['RR']
Alexis Galarneau,2022,Rome GA CH,['R32']
Zsombor Piros,2018,Davis Cup World Group PO,['RR']
Zsombor Piros,2021,Bratislava CH,['F']
Zsombor Piros,2024,Karlsruhe CH,['QF']
Andrea Vavassori,2021,Stockholm,['R32']
Andrea Vavassori,2022,San Benedetto del Tronto CH,['F']
Andrea Vavassori,2023,Madrid Masters,['R64']
Andrea Vavassori,2023,Roland Garros,['Q1']
Andrea Vavassori,2024,Buenos Aires,['QF']
Andrea Vavassori,2024,Miami Masters,['R64']
Andrea Vavassori,2024,Roland Garros,['Q3']
Shintaro Mochizuki,2023,Washington,['R64']
Shintaro Mochizuki,2024,Roland Garros,['R128']
Benjamin Hassan,2023,Basel,['R32']
Benjamin Hassan,2024,Madrid Masters,['Q1']
Yuta Shimizu,2023,US Open,['Q2']
Geoffrey Blancaneaux,2022,Roland Garros,['Q2']
Jay Clarke,2018,Binghamton CH,['F']
Jay Clarke,2019,Wimbledon,['R64']
James Trotter,2024,Chicago CH,['R32']
Dalibor Svrcina,2021,Santiago CH,['R32']
Dalibor Svrcina,2021,Tenerife CH,['R32']
Maxime Janvier,2017,Roland Garros,['Q2']
Charles Broom,2024,Wimbledon,['R128']
Lukas Neumayer,2023,Salzburg CH,['F']
Dominic Stricker,2020,Roland Garros Juniors,['F']
Dominic Stricker,2021,Stuttgart,['R16']
Dominic Stricker,2022,NextGen Finals,['SF']
Dominic Stricker,2023,US Open,"['R64', 'R16']"
Dominic Stricker,2023,Basel,['R32']
Dominic Stricker,2024,Stockholm,['R16']
Andrea Pellegrino,2020,Sardinia,['R16']
Andrea Pellegrino,2021,Napoli CH,['F']
Filip Misolic,2022,Zagreb CH,['F']
Filip Misolic,2022,Kitzbuhel,"['R32', 'F']"
Filip Misolic,2023,US Open,['Q1']
Manuel Guinard,2022,Roseto Degli Abruzzi CH,['F']
Karue Sell,2024,Antofagasta CH,['R16']
Karue Sell,2024,Tiburon CH,['QF']
Karue Sell,2024,Campinas CH,"['R32', 'R16']"
Karue Sell,2024,Curitiba CH,"['R32', 'R16']"
James Mccabe,2024,Australian Open,['R128']
Alvaro Guillen Meza,2024,Sao Leopoldo CH,['R32']
Rio Noguchi,2022,Tokyo,"['R32', 'R16']"
Daniel Rincon,2021,US Open Juniors,['F']
Daniel Rincon,2024,Barcelona,['R64']
Yan Bai,2015,Shenzhen,['R16']
Matej Dodig,2024,Umag,['R16']
Ramkumar Ramanathan,2016,Chennai,['QF']
Ramkumar Ramanathan,2016,Cherbourg CH,['R16']
Ramkumar Ramanathan,2018,Newport,['F']
Ramkumar Ramanathan,2022,Tokyo,['R32']
Guy Den Ouden,2024,Dobrich CH,['F']
Yosuke Watanuki,2018,Tokyo,['R32']
Yosuke Watanuki,2023,Australian Open,['R64']
Yosuke Watanuki,2023,Stuttgart,['R16']
Daniel Masur,2017,Munich,['R32']
Daniel Masur,2021,Eckental CH,['F']
Lorenzo Giustino,2016,Sibiu CH,['F']
Lorenzo Giustino,2019,Launceston CH,['F']
Lorenzo Giustino,2019,Zhangjiagang CH,['F']
Lorenzo Giustino,2020,Roland Garros,['R128']
Goncalo Oliveira,2019,Dallas CH,['R64']
Goncalo Oliveira,2019,Samarkand CH,['R16']
Kyrian Jacquet,2023,Olbia CH,['F']
Kyrian Jacquet,2024,US Open,['R128']
Juan Carlos Prado Angelo,2023,Roland Garros Juniors,['F']
Juan Carlos Prado Angelo,2024,Asuncion CH,['R32']
Juan Carlos Prado Angelo,2024,Vicenza CH,['R16']
Benoit Paire,2012,Belgrade,['SF']
Benoit Paire,2013,Rome Masters,['SF']
Benoit Paire,2013,Shanghai Masters,['R64']
Benoit Paire,2014,Auckland,['R32']
Benoit Paire,2014,Australian Open,['R64']
Benoit Paire,2015,Montpellier,['R32']
Benoit Paire,2015,Bergamo CH,['R32']
Benoit Paire,2015,Bastad,['F']
Benoit Paire,2015,Tokyo,"['QF', 'SF', 'F']"
Benoit Paire,2015,Paris Masters,['R64']
Benoit Paire,2016,Marseille,['QF']
Benoit Paire,2016,Miami Masters,['R32']
Benoit Paire,2016,Barcelona,['QF']
Benoit Paire,2016,Shenzhen,['R16']
Benoit Paire,2017,Montpellier,['R32']
Benoit Paire,2017,Metz,"['R16', 'F']"
Benoit Paire,2018,Barcelona,['R32']
Benoit Paire,2018,Halle,['R16']
Benoit Paire,2018,Wimbledon,['R32']
Benoit Paire,2018,US Open,['R64']
Benoit Paire,2019,Australian Open,['R128']
Benoit Paire,2019,Indian Wells Masters,['R128']
Benoit Paire,2019,Marbella CH,['F']
Benoit Paire,2019,Marrakech,"['SF', 'F']"
Benoit Paire,2019,Lyon,['F']
Benoit Paire,2019,Cincinnati Masters,['R32']
Benoit Paire,2019,Winston Salem,['F']
Benoit Paire,2019,Metz,['QF']
Benoit Paire,2019,Shanghai Masters,['R64']
Benoit Paire,2020,ATP Cup,['RR']
Benoit Paire,2020,Auckland,"['SF', 'F']"
Benoit Paire,2020,Dubai,['R32']
Benoit Paire,2021,Australian Open,['R128']
Benoit Paire,2021,Acapulco,['R32']
Benoit Paire,2021,Queens Club,['R32']
Benoit Paire,2021,Gstaad,['QF']
Benoit Paire,2021,Cincinnati Masters,['QF']
Benoit Paire,2022,Acapulco,['R32']
Benoit Paire,2022,Geneva,['R16']
Benoit Paire,2022,Washington,"['R64', 'R32']"
Benoit Paire,2022,Canada Masters,['R64']
Benoit Paire,2022,US Open,['R128']
Gauthier Onclin,2023,Roland Garros,['Q1']
Bernabe Zapata Miralles,2019,Hamburg CH,['F']
Bernabe Zapata Miralles,2020,Cordenons CH,['F']
Bernabe Zapata Miralles,2021,Barcelona,['R16']
Bernabe Zapata Miralles,2021,US Open,['R128']
Bernabe Zapata Miralles,2022,Barcelona,['R64']
Bernabe Zapata Miralles,2022,Roland Garros,['R16']
Bernabe Zapata Miralles,2023,Buenos Aires,"['QF', 'SF']"
Bernabe Zapata Miralles,2023,Rio de Janeiro,['SF']
Bernabe Zapata Miralles,2023,Estoril,['R16']
Bernabe Zapata Miralles,2023,Barcelona,['R32']
Bernabe Zapata Miralles,2023,Rome Masters,['R32']
Bernabe Zapata Miralles,2023,US Open,['R64']
Bernabe Zapata Miralles,2024,Barcelona CH,['F']
Max Houkes,2022,Amersfoort CH,['R32']
Martin Damm,2023,US Open,['Q2']
Pablo Llamas Ruiz,2023,Lyon,['R16']
Pablo Llamas Ruiz,2024,Estoril,['QF']
Pedro Cachin,2015,Sevilla CH,['F']
Pedro Cachin,2016,Seville CH,['SF']
Pedro Cachin,2019,Cordoba,"['R32', 'QF']"
Pedro Cachin,2019,Bordeaux CH,['R64']
Pedro Cachin,2022,Verona CH,['F']
Pedro Cachin,2022,US Open,['R64']
Pedro Cachin,2023,Madrid CH,['F']
Pedro Cachin,2023,Gstaad,['F']
Pedro Cachin,2024,Australian Open,['R128']
Mateus Alves,2023,Rio de Janeiro,['R32']
Mateus Alves,2024,Curitiba CH,['R16']
Jelle Sels,2018,Sibiu CH,['F']
Jelle Sels,2019,Hamburg CH,['R32']
Jelle Sels,2021,ITF Alkmaar,['F']
Jelle Sels,2021,ITF The Hague,['F']
Jelle Sels,2022,Tulln CH,['F']
Jelle Sels,2022,Mouilleron CH,['F']
Jelle Sels,2024,Dobrich CH,['F']
Hady Habib,2024,Olympics,['R64']
Mili Poljicak,2022,Zagreb CH,['F']
Mili Poljicak,2022,Wimbledon Juniors,['F']
Reilly Opelka,2016,Atlanta,['QF']
Reilly Opelka,2017,Australian Open,['Q3']
Reilly Opelka,2019,Australian Open,['R64']
Reilly Opelka,2019,Dallas CH,['QF']
Reilly Opelka,2019,New York,"['QF', 'SF', 'F']"
Reilly Opelka,2019,Delray Beach,['R16']
Reilly Opelka,2019,Wimbledon,"['R64', 'R32']"
Reilly Opelka,2019,Atlanta,['SF']
Reilly Opelka,2019,Washington,['R32']
Reilly Opelka,2019,US Open,['R64']
Reilly Opelka,2019,Tokyo,['SF']
Reilly Opelka,2019,Shanghai Masters,"['R64', 'R32']"
Reilly Opelka,2019,Stockholm,['R32']
Reilly Opelka,2019,Davis Cup Finals,['RR']
Reilly Opelka,2020,Delray Beach,['F']
Reilly Opelka,2020,Cincinnati Masters,['R16']
Reilly Opelka,2020,Roland Garros,['R128']
Reilly Opelka,2020,St Petersburg,['R16']
Reilly Opelka,2021,Great Ocean Road Open,['R16']
Reilly Opelka,2021,Miami Masters,['R64']
Reilly Opelka,2021,Rome Masters,"['R64', 'R32', 'R16', 'QF', 'SF']"
Reilly Opelka,2021,Roland Garros,['R64']
Reilly Opelka,2021,Canada Masters,"['R64', 'R32', 'QF', 'SF', 'F']"
Reilly Opelka,2021,US Open,"['R64', 'R32']"
Reilly Opelka,2021,Indian Wells Masters,['R32']
Reilly Opelka,2021,Antwerp,['R32']
Reilly Opelka,2021,Vienna,['R32']
Reilly Opelka,2021,Paris Masters,"['R64', 'R32']"
Reilly Opelka,2022,Melbourne,['R16']
Reilly Opelka,2022,Dallas,"['QF', 'SF', 'F']"
Reilly Opelka,2022,Delray Beach,['F']
Reilly Opelka,2022,Indian Wells Masters,['R64']
Reilly Opelka,2022,Houston,"['QF', 'SF', 'F']"
Reilly Opelka,2022,Rome Masters,['R64']
Reilly Opelka,2022,Geneva,['SF']
Reilly Opelka,2022,Queens Club,['R32']
Reilly Opelka,2022,Wimbledon,['R64']
Reilly Opelka,2022,Washington,['R16']
Reilly Opelka,2024,Newport,['SF']
Reilly Opelka,2024,US Open,['R128']
Pol Martin Tiffon,2024,Madrid Masters,['Q1']
Elias Ymer,2014,Bastad,['R16']
Elias Ymer,2015,Istanbul CH,['QF']
Elias Ymer,2016,Miami Masters,['R128']
Elias Ymer,2017,Lyon CH,['R32']
Elias Ymer,2021,Australian Open,['R128']
Elias Ymer,2021,Lyon CH,['F']
Elias Ymer,2024,Davis Cup Qualifiers,['RR']
Francesco Maestrelli,2022,Verona CH,['F']
Corentin Denolly,2019,Amersfoort CH,['R64']
Ivan Gakhov,2019,Amersfoort CH,['R64']
Martin Klizan,2014,Munich,['SF']
Martin Klizan,2014,Wimbledon,['R128']
Martin Klizan,2014,Valencia,['R32']
Martin Klizan,2015,Casablanca,['QF']
Martin Klizan,2015,Metz,"['R32', 'QF', 'SF']"
Martin Klizan,2015,Shanghai Masters,['R32']
Martin Klizan,2015,Paris Masters,['R64']
Martin Klizan,2016,Sofia,['QF']
Martin Klizan,2016,Rotterdam,['F']
Martin Klizan,2016,Hamburg,"['SF', 'F']"
Martin Klizan,2017,Sofia,['QF']
Martin Klizan,2018,Sofia,['R16']
Martin Klizan,2018,Kitzbuhel,['F']
Martin Klizan,2018,St Petersburg,['F']
Martin Klizan,2019,Davis Cup Qualifiers,"['RR', 'RR']"
Martin Klizan,2019,Rotterdam,['R32']
Martin Klizan,2019,Indian Wells Masters,['R128']
Martin Klizan,2019,Monte Carlo Masters,['R32']
Martin Klizan,2019,Barcelona,['R32']
Oliver Crawford,2023,Charleston CH,['F']
Nikoloz Basilashvili,2014,Ortisei CH,['R16']
Nikoloz Basilashvili,2015,Montpellier,['R32']
Nikoloz Basilashvili,2016,Kitzbuhel,"['SF', 'F']"
Nikoloz Basilashvili,2016,Cincinnati Masters,['R64']
Nikoloz Basilashvili,2016,Vienna,['R16']
Nikoloz Basilashvili,2017,Sofia,['QF']
Nikoloz Basilashvili,2017,Memphis,"['SF', 'F']"
Nikoloz Basilashvili,2018,Hamburg,['F']
Nikoloz Basilashvili,2018,US Open,"['R128', 'R16']"
Nikoloz Basilashvili,2018,Beijing,['F']
Nikoloz Basilashvili,2018,Shanghai Masters,['R32']
Nikoloz Basilashvili,2019,Doha,"['R16', 'QF']"
Nikoloz Basilashvili,2019,Australian Open,['R32']
Nikoloz Basilashvili,2019,Rotterdam,"['R32', 'R16']"
Nikoloz Basilashvili,2019,Dubai,"['R32', 'QF']"
Nikoloz Basilashvili,2019,Miami Masters,"['R32', 'R16']"
Nikoloz Basilashvili,2019,Monte Carlo Masters,['R64']
Nikoloz Basilashvili,2019,Budapest,['QF']
Nikoloz Basilashvili,2019,Madrid Masters,['R64']
Nikoloz Basilashvili,2019,Hamburg,"['SF', 'F']"
Nikoloz Basilashvili,2019,Canada Masters,['R16']
Nikoloz Basilashvili,2019,US Open,['R128']
Nikoloz Basilashvili,2019,Metz,['R16']
Nikoloz Basilashvili,2019,Shanghai Masters,['R16']
Nikoloz Basilashvili,2020,Rotterdam,['R32']
Nikoloz Basilashvili,2020,US Open,['R128']
Nikoloz Basilashvili,2020,Hamburg,['R32']
Nikoloz Basilashvili,2021,Doha,['F']
Nikoloz Basilashvili,2021,Munich,['F']
Nikoloz Basilashvili,2021,Canada Masters,"['R32', 'R16']"
Nikoloz Basilashvili,2021,US Open,['R32']
Nikoloz Basilashvili,2021,Indian Wells Masters,"['SF', 'F']"
Nikoloz Basilashvili,2022,Doha,['F']
Nikoloz Basilashvili,2022,Stuttgart,['R16']
Nikoloz Basilashvili,2022,Halle,['R32']
Nikoloz Basilashvili,2022,Hamburg,['R32']
Nikoloz Basilashvili,2022,Vienna,['R32']
Aslan Karatsev,2015,Istanbul CH,['QF']
Aslan Karatsev,2020,Bangkok CH,['F']
Aslan Karatsev,2020,Sofia,['R16']
Aslan Karatsev,2021,Australian Open,"['R32', 'R16', 'QF', 'SF']"
Aslan Karatsev,2021,Dubai,"['QF', 'SF', 'F']"
Aslan Karatsev,2021,Miami Masters,['R64']
Aslan Karatsev,2021,Belgrade,"['SF', 'F']"
Aslan Karatsev,2021,Rome Masters,['R16']
Aslan Karatsev,2021,Madrid Masters,['R16']
Aslan Karatsev,2021,Canada Masters,['R32']
Aslan Karatsev,2021,Cincinnati Masters,['R64']
Aslan Karatsev,2021,US Open,['R64']
Aslan Karatsev,2021,Indian Wells Masters,"['R32', 'R16']"
Aslan Karatsev,2021,Moscow,['F']
Aslan Karatsev,2021,St Petersburg,['R16']
Aslan Karatsev,2022,Sydney,['F']
Aslan Karatsev,2022,Australian Open,"['R128', 'R32']"
Aslan Karatsev,2022,Rotterdam,['R32']
Aslan Karatsev,2022,Miami Masters,['R32']
Aslan Karatsev,2022,Rome Masters,['R32']
Aslan Karatsev,2022,Roland Garros,['R128']
Aslan Karatsev,2022,Hamburg,['R32']
Aslan Karatsev,2022,Canada Masters,['R64']
Aslan Karatsev,2022,Tel Aviv,['R32']
Aslan Karatsev,2022,Basel,['R32']
Aslan Karatsev,2022,Paris Masters,['R64']
Aslan Karatsev,2023,Pune,['SF']
Aslan Karatsev,2023,Rotterdam,['R32']
Aslan Karatsev,2023,Madrid Masters,"['R16', 'SF']"
Aslan Karatsev,2023,US Open,['R128']
Aslan Karatsev,2023,Tokyo,['F']
Dominic Thiem,2011,Vienna,['R32']
Dominic Thiem,2014,Indian Wells Masters,"['R128', 'R32']"
Dominic Thiem,2014,Madrid Masters,['R32']
Dominic Thiem,2014,Roland Garros,['R64']
Dominic Thiem,2014,Kitzbuhel,['R16']
Dominic Thiem,2014,Shanghai Masters,['R32']
Dominic Thiem,2014,Basel,['R32']
Dominic Thiem,2014,Paris Masters,['R32']
Dominic Thiem,2015,Rotterdam,['R16']
Dominic Thiem,2015,Miami Masters,"['R128', 'QF']"
Dominic Thiem,2015,Monte Carlo Masters,['R64']
Dominic Thiem,2015,Munich,['R16']
Dominic Thiem,2015,Rome Masters,['R16']
Dominic Thiem,2015,Nice,"['SF', 'F']"
Dominic Thiem,2015,Gstaad,['F']
Dominic Thiem,2015,St Petersburg,['R16']
Dominic Thiem,2015,Paris Masters,['R64']
Dominic Thiem,2016,Brisbane,['SF']
Dominic Thiem,2016,Buenos Aires,"['SF', 'F']"
Dominic Thiem,2016,Rio de Janeiro,"['R16', 'SF']"
Dominic Thiem,2016,Acapulco,['F']
Dominic Thiem,2016,Indian Wells Masters,['R16']
Dominic Thiem,2016,Monte Carlo Masters,"['R32', 'R16']"
Dominic Thiem,2016,Munich,['F']
Dominic Thiem,2016,Madrid Masters,['R64']
Dominic Thiem,2016,Rome Masters,"['R16', 'QF']"
Dominic Thiem,2016,Nice,['F']
Dominic Thiem,2016,Roland Garros,"['R32', 'SF']"
Dominic Thiem,2016,Stuttgart,['SF']
Dominic Thiem,2016,Cincinnati Masters,['QF']
Dominic Thiem,2016,Metz,['F']
Dominic Thiem,2016,Tour Finals,"['RR', 'RR', 'RR']"
Dominic Thiem,2017,Sydney,['QF']
Dominic Thiem,2017,Australian Open,['R16']
Dominic Thiem,2017,Rotterdam,['R32']
Dominic Thiem,2017,Rio de Janeiro,"['R32', 'R16', 'QF', 'SF', 'F']"
Dominic Thiem,2017,Acapulco,"['R32', 'QF', 'R16']"
Dominic Thiem,2017,Indian Wells Masters,"['R32', 'R16', 'QF']"
Dominic Thiem,2017,Monte Carlo Masters,"['R32', 'R16']"
Dominic Thiem,2017,Barcelona,"['R16', 'QF', 'SF', 'F']"
Dominic Thiem,2017,Madrid Masters,"['R16', 'QF', 'SF', 'F']"
Dominic Thiem,2017,Rome Masters,"['QF', 'SF']"
Dominic Thiem,2017,Roland Garros,"['R16', 'QF', 'SF']"
Dominic Thiem,2017,Canada Masters,['R32']
Dominic Thiem,2017,Cincinnati Masters,['R32']
Dominic Thiem,2017,US Open,['R16']
Dominic Thiem,2017,Paris Masters,['R16']
Dominic Thiem,2017,Tour Finals,"['RR', 'RR', 'RR']"
Dominic Thiem,2018,Doha,['QF']
Dominic Thiem,2018,Australian Open,['R16']
Dominic Thiem,2018,Buenos Aires,"['QF', 'F']"
Dominic Thiem,2018,Acapulco,['QF']
Dominic Thiem,2018,Monte Carlo Masters,"['R32', 'R16', 'QF']"
Dominic Thiem,2018,Madrid Masters,"['QF', 'SF', 'F']"
Dominic Thiem,2018,Lyon,['F']
Dominic Thiem,2018,Roland Garros,"['QF', 'SF', 'F']"
Dominic Thiem,2018,Hamburg,['QF']
Dominic Thiem,2018,US Open,"['R16', 'QF']"
Dominic Thiem,2018,St Petersburg,['F']
Dominic Thiem,2018,Paris Masters,"['R16', 'SF']"
Dominic Thiem,2018,Tour Finals,"['RR', 'RR', 'RR']"
Dominic Thiem,2019,Australian Open,['R128']
Dominic Thiem,2019,Buenos Aires,['SF']
Dominic Thiem,2019,Rio de Janeiro,['R32']
Dominic Thiem,2019,Indian Wells Masters,"['R32', 'R16', 'SF', 'F']"
Dominic Thiem,2019,Miami Masters,['R64']
Dominic Thiem,2019,Monte Carlo Masters,['R32']
Dominic Thiem,2019,Barcelona,"['QF', 'SF', 'F']"
Dominic Thiem,2019,Madrid Masters,"['R16', 'QF', 'SF']"
Dominic Thiem,2019,Roland Garros,"['SF', 'F']"
Dominic Thiem,2019,Wimbledon,['R128']
Dominic Thiem,2019,Hamburg,['QF']
Dominic Thiem,2019,Kitzbuhel,"['SF', 'F']"
Dominic Thiem,2019,Canada Masters,"['R16', 'QF']"
Dominic Thiem,2019,US Open,['R128']
Dominic Thiem,2019,Davis Cup G1 R1,['RR']
Dominic Thiem,2019,Laver Cup,"['RR', 'RR']"
Dominic Thiem,2019,Beijing,"['R32', 'QF', 'SF', 'F']"
Dominic Thiem,2019,Shanghai Masters,"['R32', 'R16', 'QF']"
Dominic Thiem,2019,Vienna,"['SF', 'F']"
Dominic Thiem,2019,Paris Masters,"['R32', 'R16']"
Dominic Thiem,2019,Tour Finals,"['RR', 'RR', 'RR', 'SF', 'F']"
Dominic Thiem,2020,ATP Cup,"['RR', 'RR']"
Dominic Thiem,2020,Australian Open,"['R32', 'R16', 'QF', 'SF', 'F']"
Dominic Thiem,2020,US Open,"['R32', 'R16', 'QF', 'SF', 'F']"
Dominic Thiem,2020,Roland Garros,"['R16', 'QF']"
Dominic Thiem,2020,Vienna,['R16']
Dominic Thiem,2020,Tour Finals,"['RR', 'RR', 'SF', 'F']"
Dominic Thiem,2021,Australian Open,['R32']
Dominic Thiem,2021,Madrid Masters,"['R32', 'R16', 'QF', 'SF']"
Dominic Thiem,2022,Madrid Masters,['R64']
Dominic Thiem,2022,Rome Masters,['R64']
Dominic Thiem,2022,Bastad,"['R32', 'R16', 'QF']"
Dominic Thiem,2022,Gstaad,"['R32', 'R16', 'QF', 'SF']"
Dominic Thiem,2022,Kitzbuhel,"['R32', 'R16']"
Dominic Thiem,2022,Winston Salem,"['R64', 'R32']"
Dominic Thiem,2022,US Open,['R128']
Dominic Thiem,2022,Rennes CH,"['R32', 'F']"
Dominic Thiem,2022,Metz,"['R32', 'R16']"
Dominic Thiem,2022,Tel Aviv,"['R32', 'R16']"
Dominic Thiem,2022,Gijon,"['R32', 'R16', 'QF', 'SF']"
Dominic Thiem,2022,Antwerp,"['R32', 'R16', 'QF', 'SF']"
Dominic Thiem,2022,Vienna,['R16']
Dominic Thiem,2023,Australian Open,['R128']
Dominic Thiem,2023,Buenos Aires,"['R32', 'R16']"
Dominic Thiem,2023,Rio de Janeiro,['R32']
Dominic Thiem,2023,Estoril,"['R32', 'R16']"
Dominic Thiem,2023,Monte Carlo Masters,['R64']
Dominic Thiem,2023,Madrid Masters,['R64']
Dominic Thiem,2023,Wimbledon,['R128']
Dominic Thiem,2023,Gstaad,"['R32', 'R16']"
Dominic Thiem,2023,Kitzbuhel,"['SF', 'F']"
Dominic Thiem,2023,US Open,['R128']
Dominic Thiem,2023,Astana,"['R32', 'R16', 'QF']"
Dominic Thiem,2023,Vienna,['R32']
Dominic Thiem,2023,Paris Masters,"['R64', 'R32']"
Dominic Thiem,2023,Metz,['R32']
Dominic Thiem,2024,Brisbane,['R32']
Dominic Thiem,2024,Australian Open,['R128']
Dominic Thiem,2024,Szekesfehervar CH,['R16']
Dominic Thiem,2024,Estoril,['R32']
Dominic Thiem,2024,Munich,['R32']
Dominic Thiem,2024,US Open,['R128']
Dominic Thiem,2024,Vienna,['R32']
Max Hans Rehberg,2022,Munich,['R32']
Max Hans Rehberg,2022,Ismaning CH,['F']
Clement Tabur,2023,Todi CH,['F']
Alexey Vatutin,2016,Scheveningen CH,['QF']
Ricardas Berankis,2013,US Open,['R128']
Ricardas Berankis,2014,Australian Open,['R128']
Ricardas Berankis,2014,Moscow,['R16']
Ricardas Berankis,2015,Washington,['R16']
Ricardas Berankis,2016,Memphis,['SF']
Ricardas Berankis,2016,Taipei CH,['SF']
Ricardas Berankis,2017,Moscow,['F']
Ricardas Berankis,2018,Roland Garros,['R128']
Ricardas Berankis,2018,Moscow,['QF']
Ricardas Berankis,2019,Rennes CH,['F']
Ricardas Berankis,2019,Dubai,"['R16', 'QF']"
Ricardas Berankis,2021,Halle,['R32']
Ricardas Berankis,2022,Melbourne,['R16']
Matheus Pucinelli De Almeida,2022,Braga CH,['F']
Gastao Elias,2014,Sao Paulo CH,['QF']
Gastao Elias,2015,Guayaquil CH,['F']
Gastao Elias,2016,Turin CH,['F']
Gastao Elias,2016,Umag,['R16']
Gastao Elias,2017,Montevideo CH,['F']
Michael Geerts,2022,Antwerp,['R32']
Aidan Mayo,2023,US Open,['Q3']
Renzo Olivo,2014,Prague CH,['R32']
Renzo Olivo,2014,Bastad,['QF']
Renzo Olivo,2016,Hamburg,['SF']
Renzo Olivo,2020,Santiago,['SF']
Renzo Olivo,2021,Roland Garros,['Q1']
Joris De Loore,2016,Stockton CH,['R32']
Joris De Loore,2023,Oeiras CH,['F']
Dane Sweeny,2023,Shanghai Masters,['R64']
Oleksandr Ovcharenko,2022,Barletta CH,['R16']
Kyle Edmund,2015,Hong Kong CH,['SF']
Kyle Edmund,2015,Montevideo CH,['R32']
Kyle Edmund,2016,Doha,['QF']
Kyle Edmund,2016,Maui CH,['R16']
Kyle Edmund,2016,Dallas CH,['R32']
Kyle Edmund,2016,Rome CH,['F']
Kyle Edmund,2016,Queens Club,['R32']
Kyle Edmund,2016,Canada Masters,['R64']
Kyle Edmund,2016,Beijing,['QF']
Kyle Edmund,2016,Shanghai Masters,['R64']
Kyle Edmund,2016,Antwerp,['SF']
Kyle Edmund,2017,Davis Cup World Group R1,['RR']
Kyle Edmund,2017,Monte Carlo Masters,['R32']
Kyle Edmund,2018,Australian Open,"['QF', 'SF']"
Kyle Edmund,2018,Marrakech,['F']
Kyle Edmund,2018,Madrid Masters,['R16']
Kyle Edmund,2018,Rome Masters,['R16']
Kyle Edmund,2018,Roland Garros,['R64']
Kyle Edmund,2018,Queens Club,['R16']
Kyle Edmund,2018,Shanghai Masters,['QF']
Kyle Edmund,2018,Antwerp,['F']
Kyle Edmund,2019,Australian Open,['R128']
Kyle Edmund,2019,Indian Wells Masters,"['R32', 'R16']"
Kyle Edmund,2019,Madrid Masters,['R64']
Kyle Edmund,2019,Eastbourne,['SF']
Kyle Edmund,2019,Washington,['QF']
Kyle Edmund,2019,Cincinnati Masters,['R64']
Kyle Edmund,2020,New York,['F']
Kyle Edmund,2023,Australian Open,['R128']
Egor Gerasimov,2015,Bratislava CH,['F']
Egor Gerasimov,2016,Andria CH,['SF']
Egor Gerasimov,2019,Dubai,['R32']
Egor Gerasimov,2019,St Petersburg,['SF']
Egor Gerasimov,2020,Australian Open,['R128']
Egor Gerasimov,2020,Pune,"['SF', 'F']"
Egor Gerasimov,2021,Australian Open,['R128']
Egor Gerasimov,2022,Australian Open,['R128']
Egor Gerasimov,2022,Barcelona,['R32']
Egor Gerasimov,2022,Munich,['R16']
Jiri Vesely,2014,Indian Wells Masters,['R32']
Jiri Vesely,2014,Kitzbuhel,['R16']
Jiri Vesely,2015,Auckland,"['R16', 'SF', 'F']"
Jiri Vesely,2015,Bucharest,"['SF', 'F']"
Jiri Vesely,2015,Umag,['R32']
Jiri Vesely,2015,Kaohsiung CH,['R32']
Jiri Vesely,2015,Tokyo,['R32']
Jiri Vesely,2016,Monte Carlo Masters,['R32']
Jiri Vesely,2018,Davis Cup World Group PO,['RR']
Jiri Vesely,2019,Wimbledon,['R128']
Jiri Vesely,2019,Eckental CH,['F']
Jiri Vesely,2020,Pune,['F']
Jiri Vesely,2022,Dubai,['F']
Jiri Vesely,2022,Wimbledon,['R64']
Jiri Vesely,2023,Wimbledon,['R128']
Daniel Dutra Da Silva,2022,Kitzbuhel,['R32']
Daniel Dutra Da Silva,2024,Campinas CH,['R32']
Soon Woo Kwon,2017,Yokohama CH,['F']
Soon Woo Kwon,2018,Kaohsiung CH,['F']
Soon Woo Kwon,2019,Los Cabos,['QF']
Soon Woo Kwon,2019,Antwerp,['R16']
Soon Woo Kwon,2021,Nur Sultan,['F']
Soon Woo Kwon,2022,Montpellier,['R16']
Soon Woo Kwon,2022,US Open,['R128']
Soon Woo Kwon,2022,Seoul,['R16']
Soon Woo Kwon,2022,Tokyo,['QF']
Soon Woo Kwon,2023,Adelaide,['F']
Soon Woo Kwon,2023,Doha,['R32']
Philip Sekulic,2023,Chengdu,['R16']
Nicola Kuhn,2018,Budapest CH,['SF']
Nicola Kuhn,2020,Koblenz CH,['SF']
Nicola Kuhn,2022,Hamburg,['R32']
Joel Schwaerzler,2024,Kitzbuhel,['R32']
Genaro Alberto Olivieri,2023,Roland Garros,['R128']
Genaro Alberto Olivieri,2024,Vicenza CH,['R16']
Stefan Kozlov,2014,Valencia,['R32']
Stefan Kozlov,2017,Indian Wells Masters,['R128']
Stefan Kozlov,2021,Little Rock CH,['Q1']
Stefan Kozlov,2022,Acapulco,['R32']
Nerman Fatic,2022,Sibiu CH,['F']
Antoine Bellier,2022,Mallorca,['QF']
Antoine Bellier,2023,Ismaning CH,['F']
Thai Son Kwiatkowski,2018,Houston CH,['QF']
Sebastian Fanselow,2015,Canberra CH,['R32']
Diego Schwartzman,2014,Roland Garros,['R64']
Diego Schwartzman,2014,Campinas CH,['F']
Diego Schwartzman,2014,Guayaquil CH,['R16']
Diego Schwartzman,2015,Indian Wells Masters,"['R128', 'R64']"
Diego Schwartzman,2015,Miami Masters,['R128']
Diego Schwartzman,2015,Istanbul,"['R16', 'SF']"
Diego Schwartzman,2015,Bastad,['R32']
Diego Schwartzman,2015,US Open,['R64']
Diego Schwartzman,2015,Campinas CH,"['R32', 'R16', 'QF', 'SF', 'F']"
Diego Schwartzman,2015,Porto Alegre CH,"['R32', 'R16', 'SF', 'F']"
Diego Schwartzman,2015,Corrientes CH,"['R32', 'R16', 'QF', 'SF', 'F']"
Diego Schwartzman,2015,Guayaquil CH,"['R16', 'SF', 'F']"
Diego Schwartzman,2015,Montevideo CH,"['R32', 'QF', 'SF']"
Diego Schwartzman,2016,Buenos Aires,['R16']
Diego Schwartzman,2016,Rio de Janeiro,['R16']
Diego Schwartzman,2016,Istanbul,['F']
Diego Schwartzman,2017,Rio de Janeiro,['QF']
Diego Schwartzman,2017,Sao Paulo,['QF']
Diego Schwartzman,2017,Marrakech,['R32']
Diego Schwartzman,2017,Monte Carlo Masters,['QF']
Diego Schwartzman,2017,Roland Garros,['R32']
Diego Schwartzman,2017,Canada Masters,['R32']
Diego Schwartzman,2017,US Open,"['R32', 'R16']"
Diego Schwartzman,2017,Tokyo,['QF']
Diego Schwartzman,2017,Antwerp,"['SF', 'F']"
Diego Schwartzman,2017,Vienna,"['R32', 'R16']"
Diego Schwartzman,2017,Paris Masters,['R32']
Diego Schwartzman,2018,Rio de Janeiro,"['SF', 'F']"
Diego Schwartzman,2018,Miami Masters,['R32']
Diego Schwartzman,2018,US Open,"['R64', 'R32']"
Diego Schwartzman,2018,Antwerp,"['R16', 'QF']"
Diego Schwartzman,2018,Paris Masters,['R16']
Diego Schwartzman,2019,Australian Open,['R32']
Diego Schwartzman,2019,Cordoba,['R16']
Diego Schwartzman,2019,Buenos Aires,"['R16', 'SF', 'F']"
Diego Schwartzman,2019,Acapulco,['R32']
Diego Schwartzman,2019,Munich,['R16']
Diego Schwartzman,2019,Rome Masters,['SF']
Diego Schwartzman,2019,Queens Club,['R32']
Diego Schwartzman,2019,Wimbledon,['R32']
Diego Schwartzman,2019,Los Cabos,['F']
Diego Schwartzman,2019,US Open,"['R128', 'R16', 'QF']"
Diego Schwartzman,2019,Vienna,"['SF', 'F']"
Diego Schwartzman,2020,ATP Cup,"['RR', 'RR', 'QF']"
Diego Schwartzman,2020,Australian Open,"['R64', 'R16']"
Diego Schwartzman,2020,Cordoba,['F']
Diego Schwartzman,2020,Buenos Aires,['QF']
Diego Schwartzman,2020,Rome Masters,"['QF', 'SF', 'F']"
Diego Schwartzman,2020,Roland Garros,"['R16', 'QF', 'SF']"
Diego Schwartzman,2020,Cologne 2,['F']
Diego Schwartzman,2020,Paris Masters,['QF']
Diego Schwartzman,2021,Australian Open,"['R128', 'R32']"
Diego Schwartzman,2021,Buenos Aires,['F']
Diego Schwartzman,2021,Miami Masters,['R16']
Diego Schwartzman,2021,Monte Carlo Masters,['R32']
Diego Schwartzman,2021,Roland Garros,['QF']
Diego Schwartzman,2021,Cincinnati Masters,['R16']
Diego Schwartzman,2021,US Open,['R16']
Diego Schwartzman,2021,Davis Cup Group I,['RR']
Diego Schwartzman,2021,Antwerp,"['QF', 'F']"
Diego Schwartzman,2021,Vienna,['R16']
Diego Schwartzman,2022,ATP Cup,"['RR', 'RR']"
Diego Schwartzman,2022,Australian Open,['R128']
Diego Schwartzman,2022,Buenos Aires,['F']
Diego Schwartzman,2022,Rio de Janeiro,['F']
Diego Schwartzman,2022,Indian Wells Masters,['R32']
Diego Schwartzman,2022,Monte Carlo Masters,['QF']
Diego Schwartzman,2022,Madrid Masters,['R32']
Diego Schwartzman,2022,Queens Club,['R32']
Diego Schwartzman,2022,Hamburg,['R32']
Diego Schwartzman,2022,Paris Masters,['R64']
Diego Schwartzman,2023,Australian Open,['R128']
Diego Schwartzman,2023,Indian Wells Masters,"['R128', 'R64']"
Diego Schwartzman,2023,Monte Carlo Masters,['R32']
Diego Schwartzman,2023,Barcelona,['R64']
Diego Schwartzman,2023,Wimbledon,['R64']
Daniel Michalski,2022,Zadar CH,['F']
Daniel Michalski,2024,Szekesfehervar CH,['R16']
Marco Cecchinato,2014,Caltanissetta CH,['R16']
Marco Cecchinato,2016,Szczecin CH,['R16']
Marco Cecchinato,2017,Ostrava CH,['F']
Marco Cecchinato,2018,Santiago CH,['R16']
Marco Cecchinato,2018,Budapest,['F']
Marco Cecchinato,2018,Roland Garros,"['R16', 'QF', 'SF']"
Marco Cecchinato,2018,Umag,['F']
Marco Cecchinato,2018,Canada Masters,['R64']
Marco Cecchinato,2018,Moscow,['R16']
Marco Cecchinato,2019,Doha,"['QF', 'SF']"
Marco Cecchinato,2019,Buenos Aires,"['R16', 'SF', 'F']"
Marco Cecchinato,2019,Rio de Janeiro,['R32']
Marco Cecchinato,2019,Indian Wells Masters,['R64']
Marco Cecchinato,2019,Munich,['SF']
Marco Cecchinato,2019,Winston Salem,['R64']
Marco Cecchinato,2019,Shanghai Masters,['R64']
Marco Cecchinato,2020,Punta del Este CH,['F']
Marco Cecchinato,2020,Roland Garros,['R128']
Marco Cecchinato,2020,Sardinia,['F']
Marco Cecchinato,2021,Parma,['F']
Marco Cecchinato,2021,Roland Garros,['R32']
Marco Cecchinato,2022,Roland Garros,"['R128', 'R64']"
Hiroki Moriya,2014,Burnie CH,['F']
Dennis Novak,2015,Guayaquil CH,['R16']
Dennis Novak,2016,Puebla CH,['R16']
Dennis Novak,2019,Taipei CH,['F']
Dennis Novak,2020,Cologne,['QF']
Dennis Novak,2021,ATP Cup,['RR']
Dennis Novak,2023,Wimbledon,['R128']
Dino Prizmic,2023,Roland Garros Juniors,['F']
Dino Prizmic,2023,Davis Cup Finals,['RR']
Dino Prizmic,2024,Australian Open,['R128']
Dino Prizmic,2024,Rotterdam,['R32']
Dimitar Kuzmanov,2020,ATP Cup,['RR']
Dimitar Kuzmanov,2022,Alicante CH,['QF']
Dimitar Kuzmanov,2023,Australian Open,['Q1']
Nicolas Alvarez Varona,2021,ITF Alkmaar,['F']
Nicholas David Ionel,2023,Roland Garros,['Q1']
Kaichi Uchida,2022,Los Cabos,['R32']
Luka Mikrut,2024,Umag,['R32']
Arthur Fery,2023,Wimbledon,['R128']
Yibing Wu,2022,Indianapolis CH,['F']
Yibing Wu,2022,US Open,['R64']
Yibing Wu,2023,Dallas,"['SF', 'F']"
Yibing Wu,2023,Indian Wells Masters,['R128']
Yibing Wu,2023,Barcelona,['R64']
Yibing Wu,2023,Stuttgart,['R32']
Alex Molcan,2021,Belgrade 2,['F']
Alex Molcan,2022,Australian Open,['R128']
Alex Molcan,2022,Dubai,['R16']
Alex Molcan,2022,Marrakech,"['SF', 'F']"
Alex Molcan,2022,Munich,['R16']
Alex Molcan,2022,Lyon,"['R16', 'F']"
Alex Molcan,2022,Hamburg,['SF']
Alex Molcan,2023,Pune,['R32']
Alex Molcan,2023,Australian Open,['R128']
Alex Molcan,2023,Davis Cup Qualifiers,['RR']
Alex Molcan,2023,Buenos Aires,['R32']
Alex Molcan,2023,US Open,['R128']
Alex Molcan,2024,Australian Open,['Q2']
Vitaliy Sachko,2023,US Open,['Q1']
Masamichi Imamura,2024,ITF Tokyo,['F']
Zdenek Kolar,2016,Ostrava CH,['F']
Zdenek Kolar,2022,Barletta CH,['SF']
Zdenek Kolar,2022,Roland Garros,['R64']
Mathias Bourgue,2014,Cali CH,['R32']
Mathias Bourgue,2019,Mouilleron CH,['F']
Mathias Bourgue,2021,Split CH,['F']
Raul Brancaccio,2022,San Benedetto del Tronto CH,['F']
Raul Brancaccio,2023,US Open,['Q1']
Evgeny Karlovskiy,2018,Moscow,['R32']
Borna Gojo,2019,Davis Cup Finals,['RR']
Borna Gojo,2023,US Open,['R16']
Borna Gojo,2023,Vienna,['QF']
Tennys Sandgren,2013,Champaign CH,['R32']
Tennys Sandgren,2014,USA F25,['SF']
Tennys Sandgren,2015,Sacramento CH,['R16']
Tennys Sandgren,2016,Savannah CH,['R16']
Tennys Sandgren,2017,Tiburon CH,['F']
Tennys Sandgren,2018,Australian Open,"['R16', 'QF']"
Tennys Sandgren,2018,Houston,['F']
Tennys Sandgren,2019,Auckland,"['SF', 'F']"
Tennys Sandgren,2019,Monterrey CH,['SF']
Tennys Sandgren,2019,Wimbledon,"['R32', 'R16']"
Tennys Sandgren,2019,Winston Salem,['R32']
Tennys Sandgren,2019,Zhuhai,['R32']
Tennys Sandgren,2020,Australian Open,"['R64', 'R16', 'QF']"
Tennys Sandgren,2020,Roland Garros,['R128']
Tennys Sandgren,2021,Miami Masters,['R64']
Roberto Cid,2019,Shymkent CH,['R32']
Franco Agamenone,2021,Kiev CH,['F']
Franco Agamenone,2022,Umag,['SF']
Norbert Gombos,2014,Valencia,['R32']
Norbert Gombos,2019,Davis Cup Qualifiers,['RR']
Norbert Gombos,2019,Washington,['R32']
Norbert Gombos,2020,Pau CH,['R32']
Laurent Lokoli,2022,Brest CH,['R32']
Laurent Lokoli,2023,Wimbledon,['R128']
Bruno Kuzuhara,2022,Australian Open Juniors,['F']
Viktor Durasovic,2019,Portoroz CH,['F']
Viktor Durasovic,2021,Stockholm,['R32']
Viktor Durasovic,2022,Vilnius CH,['SF']
Kiranpal Pannu,2024,Auckland,['R32']
Tristan Lamasine,2015,Shenzhen CH,['R16']
Orlando Luz,2015,Porto Alegre CH,['R32']
Orlando Luz,2015,Montevideo CH,['R32']
Frederico Ferreira Silva,2017,Estoril,['R16']
Frederico Ferreira Silva,2020,Sao Paulo CH,['F']
Hernan Casanova,2022,Kitzbuhel,['R32']
Moez Echargui,2024,Olympics,['R64']
Nino Serdarusic,2018,Umag,['R32']
Nino Serdarusic,2021,Davis Cup Finals,['RR']
Evgeny Donskoy,2013,Aptos CH,['SF']
Evgeny Donskoy,2014,Washington,['R64']
Evgeny Donskoy,2015,St Petersburg,['R32']
Evgeny Donskoy,2016,Indian Wells Masters,['R128']
Evgeny Donskoy,2016,Astana CH,['F']
Evgeny Donskoy,2017,Dubai,['R16']
Evgeny Donskoy,2018,Madrid Masters,['R32']
Evgeny Donskoy,2019,St Petersburg,['R16']
Evgeny Donskoy,2023,Nonthaburi CH,['R16']
Ernesto Escobedo,2015,Monterrey CH,['SF']
Ernesto Escobedo,2016,Lexington CH,['SF']
Ernesto Escobedo,2019,Monterrey CH,['R64']
Sascha Gueymard Wayenburg,2022,Roland Garros,['Q1']
Cem Ilkel,2019,Gwangju CH,['R64']
Cem Ilkel,2019,Antalya,['R32']
Cem Ilkel,2022,Vilnius CH,['F']
Cem Ilkel,2023,Sofia,['R16']
Illya Marchenko,2014,Winnetka CH,['QF']
Illya Marchenko,2016,Doha,"['QF', 'SF']"
Illya Marchenko,2016,Indian Wells Masters,['R64']
Illya Marchenko,2016,Stuttgart,['R32']
Illya Marchenko,2021,Biella 1 CH,['F']
Illya Marchenko,2021,Roland Garros,['Q3']
Blake Mott,2017,Burnie CH,['SF']
Riccardo Bonadio,2019,Prague CH,"['R64', 'R32']"
Riccardo Bonadio,2020,Trieste CH,['F']
Dan Added,2023,Roland Garros,['Q2']
Peter Bertran,2022,ITF Santo Domingo,['R16']
Mohamed Safwat,2014,Itajai,['R32']
Mohamed Safwat,2018,Anning CH,['F']
Mohamed Safwat,2019,Bratislava CH,['QF']
Mohamed Safwat,2019,Prague CH,['R32']
Mohamed Safwat,2019,Sopot CH,"['R16', 'QF']"
Mohamed Safwat,2019,Helsinki CH,['F']
Mohamed Safwat,2020,Noumea CH,['R32']
Mohamed Safwat,2020,Davis Cup WG II,['RR']
Liam Broady,2014,Charlottesville CH,['F']
Liam Broady,2022,Roland Garros,['Q2']
Liam Broady,2023,Doha,['R16']
Liam Broady,2023,Queens Club,['R32']
Alastair Gray,2022,Wimbledon,['R64']
Mate Valkusz,2023,US Open,['Q1']
Edoardo Lavagno,2023,US Open,['Q1']
Guido Andreozzi,2015,Campinas CH,['R16']
Guido Andreozzi,2018,Szczecin CH,['F']
Guido Andreozzi,2019,Australian Open,['R128']
Guido Andreozzi,2019,Cordoba,['R32']
Guido Andreozzi,2019,Indian Wells Masters,['R128']
Yusuke Takahashi,2016,Toyota CH,['R16']
Joao Sousa,2013,Kuala Lumpur,['F']
Joao Sousa,2014,Rio de Janeiro,['QF']
Joao Sousa,2014,Miami Masters,['R128']
Joao Sousa,2014,Bastad,['R16']
Joao Sousa,2015,Montpellier,['QF']
Joao Sousa,2015,Dubai,['R32']
Joao Sousa,2015,Geneva,['F']
Joao Sousa,2015,Valencia,"['QF', 'SF', 'F']"
Joao Sousa,2016,Monte Carlo Masters,['R64']
Joao Sousa,2016,Madrid Masters,['QF']
Joao Sousa,2016,Olympics,['R32']
Joao Sousa,2017,Auckland,['F']
Joao Sousa,2017,Kitzbuhel,['F']
Joao Sousa,2018,Indian Wells Masters,['R64']
Joao Sousa,2018,Marrakech,['R16']
Joao Sousa,2018,Estoril,"['SF', 'F']"
Joao Sousa,2019,Auckland,['R32']
Joao Sousa,2019,Miami Masters,['R128']
Joao Sousa,2019,Monte Carlo Masters,['R64']
Joao Sousa,2019,Halle,['R32']
Joao Sousa,2019,Wimbledon,['R16']
Joao Sousa,2019,Gstaad,['SF']
Joao Sousa,2019,Winston Salem,['R32']
Joao Sousa,2022,Pune,['F']
Joao Sousa,2022,Geneva,['F']
Joao Sousa,2022,Gijon,['R32']
Joao Sousa,2024,Estoril,['R32']
Luke Saville,2015,Ho Chi Minh City CH,['R16']
Luke Saville,2016,Toyota CH,['R16']
Sergey Fomin,2019,Shymkent CH,['R64']
Sergey Fomin,2022,Shymkent CH,['F']
Federico Gaio,2015,Vicenza CH,['R16']
Federico Gaio,2016,San Luis Potosi CH,['SF']
Federico Gaio,2018,Padova CH,['F']
Federico Gaio,2020,Bangkok CH,['F']
Oleksii Krutykh,2022,Valencia CH,['F']
Oleksii Krutykh,2023,Australian Open,['R128']
Carlos Gimeno Valero,2022,Madrid Masters,['R64']
Joao Domingues,2017,Estoril,['R16']
Jose Pereira,2015,Campinas CH,['R32']
Andrej Martin,2014,Vicenza CH,['QF']
Andrej Martin,2016,Umag,['F']
Andrej Martin,2020,Cordoba,['SF']
Andrej Martin,2022,Australian Open,['Q1']
Altug Celikbilek,2017,Istanbul CH,['QF']
Alessandro Giannessi,2016,Caltanissetta CH,['SF']
Alessandro Giannessi,2017,Buenos Aires,['R16']
Alessandro Giannessi,2018,Banja Luka CH,['F']
Alessandro Giannessi,2019,Cordoba,['R16']
Alessandro Giannessi,2024,Australian Open,['Q1']
Maximilian Neuchrist,2022,Maia CH,['F']
Ryan Peniston,2021,Antalya CH,['F']
Louis Wessels,2023,Halle,['R32']
Ji Sung Nam,2020,Davis Cup Qualifiers,['RR']
Filip Peliwo,2013,Champaign CH,['R32']
Mirza Basic,2015,Mons CH,['R16']
Mirza Basic,2017,Recanati CH,['F']
Mirza Basic,2017,Eckental CH,['R32']
Mirza Basic,2018,Sofia,['F']
Mirza Basic,2018,Marrakech,['R16']
Mirza Basic,2019,Australian Open,['R128']
Steven Diez,2014,Prague CH,['R32']
Steven Diez,2016,Canada Masters,['R64']
Steven Diez,2022,Davis Cup Qualifiers,"['RR', 'RR']"
Leo Borg,2020,Bergamo CH,['R64']
Leo Borg,2021,Stockholm,['R32']
Leo Borg,2024,Bastad,['R32']
Makoto Ochi,2015,Toyota CH,['R32']
Antoine Hoang,2018,Istanbul CH,['SF']
Antoine Hoang,2019,Rennes CH,['F']
Antoine Hoang,2019,Metz,['R16']
Filip Krajinovic,2014,Sarasota CH,['F']
Filip Krajinovic,2014,Hamburg,['R64']
Filip Krajinovic,2016,Rome CH,['F']
Filip Krajinovic,2017,Marburg CH,['F']
Filip Krajinovic,2017,Biella CH,['F']
Filip Krajinovic,2017,Paris Masters,"['R32', 'SF', 'F']"
Filip Krajinovic,2018,Indian Wells Masters,['R32']
Filip Krajinovic,2018,Wimbledon,['R128']
Filip Krajinovic,2018,Winston Salem,['R16']
Filip Krajinovic,2018,Beijing,['QF']
Filip Krajinovic,2019,Marseille,['R32']
Filip Krajinovic,2019,Indian Wells Masters,['R32']
Filip Krajinovic,2019,Sophia Antipolis CH,['F']
Filip Krajinovic,2019,Budapest,['F']
Filip Krajinovic,2019,Stockholm,['F']
Filip Krajinovic,2019,Basel,['R16']
Filip Krajinovic,2020,Rotterdam,"['R32', 'QF', 'SF']"
Filip Krajinovic,2021,Australian Open,"['R128', 'R32']"
Filip Krajinovic,2021,Monte Carlo Masters,['R16']
Filip Krajinovic,2021,Hamburg,['F']
Filip Krajinovic,2021,Paris Masters,['R64']
Filip Krajinovic,2022,Indian Wells Masters,['R64']
Filip Krajinovic,2022,Madrid Masters,['R64']
Filip Krajinovic,2022,Rome Masters,['R32']
Filip Krajinovic,2022,Queens Club,"['SF', 'F']"
Filip Krajinovic,2022,Wimbledon,['R64']
Filip Krajinovic,2022,Cincinnati Masters,['R64']
Filip Krajinovic,2023,Australian Open,['R128']
Filip Krajinovic,2023,Monte Carlo Masters,['R64']
Oscar Otte,2017,Qingdao CH,['F']
Oscar Otte,2017,Lisbon CH,['SF']
Oscar Otte,2021,Prague CH,['F']
Oscar Otte,2021,Ismaning CH,['F']
Oscar Otte,2022,Indian Wells Masters,['R64']
Oscar Otte,2022,Munich,['SF']
Oscar Otte,2022,Stuttgart,['SF']
Oscar Otte,2022,US Open,['R128']
Oscar Otte,2023,Stuttgart,['R32']
Gerald Melzer,2015,Quito,['Q3']
Gerald Melzer,2016,Sarasota CH,['F']
Gerald Melzer,2016,Savannah CH,['R16']
Gerald Melzer,2016,Mohammedia CH,['F']
Gerald Melzer,2017,Quito CH,['F']
Elliot Benchetrit,2019,Bergamo CH,['R32']
Elliot Benchetrit,2020,Australian Open,['Q1']
Elliot Benchetrit,2020,Roland Garros,['R128']
Jason Jung,2015,Fairfield CH,['R16']
Jason Jung,2018,San Francisco CH,['F']
Jason Jung,2019,New York,['R16']
Jason Jung,2020,Roland Garros,['Q3']
Aristotelis Thanos,2022,ATP Cup,['RR']
Nicolai Budkov Kjaer,2024,Wimbledon Juniors,['F']
Salvatore Caruso,2016,Rome Masters,['R64']
Salvatore Caruso,2017,Biella CH,['F']
Salvatore Caruso,2019,Umag,['R16']
Salvatore Caruso,2019,Hamburg CH,['SF']
Salvatore Caruso,2021,Monte Carlo Masters,['R64']
Johan Nikles,2022,Geneva,['R16']
Marius Copil,2015,Madrid Masters,['R64']
Marius Copil,2015,Izmir CH,['SF']
Marius Copil,2016,Sofia,['R32']
Marius Copil,2018,Sofia,"['SF', 'F']"
Marius Copil,2018,Basel,"['QF', 'SF', 'F']"
Marius Copil,2019,Australian Open,['R64']
Marius Copil,2019,Rotterdam,['R32']
Marius Copil,2019,Acapulco,['R32']
Gian Marco Moroni,2018,Vicenza CH,['SF']
Karlis Ozolins,2024,ITF Tokyo,['F']
Ulises Blanch,2018,Perugia CH,['F']
Kenny De Schepper,2014,Wimbledon,['R128']
Kenny De Schepper,2017,Montpellier,['R32']
Gabriel Decamps,2022,Brest CH,['R32']
Vasek Pospisil,2013,Canada Masters,"['R64', 'SF']"
Vasek Pospisil,2013,Shanghai Masters,['R64']
Vasek Pospisil,2014,Washington,"['SF', 'F']"
Vasek Pospisil,2014,Paris Masters,['R64']
Vasek Pospisil,2015,Rotterdam,['R32']
Vasek Pospisil,2015,Miami Masters,['R64']
Vasek Pospisil,2015,s Hertogenbosch,['R16']
Vasek Pospisil,2015,Washington,['R32']
Vasek Pospisil,2015,Valencia,['SF']
Vasek Pospisil,2017,Doha,['R32']
Vasek Pospisil,2017,San Francisco CH,"['QF', 'SF']"
Vasek Pospisil,2018,Hopman Cup,['RR']
Vasek Pospisil,2019,Davis Cup Finals,['RR']
Vasek Pospisil,2020,Australian Open,['R128']
Vasek Pospisil,2020,Montpellier,['F']
Vasek Pospisil,2020,US Open,['R16']
Vasek Pospisil,2020,St Petersburg,['R32']
Vasek Pospisil,2020,Sofia,['F']
Vasek Pospisil,2021,Australian Open,['R128']
Vasek Pospisil,2022,Mouilleron CH,['F']
Vasek Pospisil,2023,Australian Open,['R128']
Duck Hee Lee,2016,Toyota CH,['R16']
Duck Hee Lee,2017,Budapest CH,['R32']
Duck Hee Lee,2018,Kaohsiung CH,['SF']
Kimmer Coppejans,2014,Meknes CH,['SF']
Kimmer Coppejans,2015,Roland Garros,['R128']
Kimmer Coppejans,2015,Santiago CH,['R16']
Kimmer Coppejans,2021,Maia CH,['QF']
Michael Zheng,2022,Wimbledon Juniors,['F']
Michael Zheng,2023,Palmas del Mar CH,['F']
Miljan Zekic,2016,Banja Luka CH,['F']
Miljan Zekic,2022,Barletta CH,['F']
Evan Furness,2022,Rennes CH,['R32']
Rei Sakamoto,2024,Australian Open Juniors,['F']
Patrick Brady,2024,Cleveland CH,['R16']
Gilles Arnaud Bailly,2022,US Open Juniors,['F']
Gilles Arnaud Bailly,2022,Antwerp,['R32']
Kaylan Bigun,2024,Roland Garros Juniors,['F']
Jason Kubler,2014,Lima CH,['F']
Jason Kubler,2018,Playford CH,['F']
Jason Kubler,2018,Winnipeg CH,['F']
Jason Kubler,2019,Australian Open,['R128']
Jason Kubler,2019,Gatineau CH,['F']
Jason Kubler,2022,Roland Garros,['Q2']
Jason Kubler,2023,Australian Open,['R64']
Jason Kubler,2024,Brisbane,['R16']
Jason Kubler,2024,Australian Open,['R128']
Blaz Rola,2014,Queens Club,['R32']
Blaz Rola,2015,Raanana CH,['R16']
Blaz Rola,2018,Panama City CH,['F']
Blaz Rola,2019,Bratislava CH,['QF']
Juan Ignacio Londero,2018,Heilbronn CH,['SF']
Juan Ignacio Londero,2018,Tampere CH,['F']
Juan Ignacio Londero,2019,Cordoba,"['R16', 'QF', 'SF', 'F']"
Juan Ignacio Londero,2019,Rio de Janeiro,['R16']
Juan Ignacio Londero,2019,Monte Carlo Masters,['R64']
Juan Ignacio Londero,2019,Bastad,"['R16', 'F']"
Juan Ignacio Londero,2019,Shanghai Masters,['R64']
Juan Ignacio Londero,2020,Buenos Aires,['SF']
Juan Ignacio Londero,2021,Buenos Aires CH,['R16']
Juan Ignacio Londero,2022,Santiago,['R16']
Nicolas Kicker,2015,Campinas CH,['QF']
Nicolas Kicker,2017,Roland Garros,['R64']
Mees Rottgering,2024,Wimbledon Juniors,['F']
Conner Huertas Del Pino,2022,Buenos Aires CH,['R16']
David Perez Sanz,2015,Mohammedia CH,['R32']
Karim Mohamed Maamoun,2017,Qingdao CH,['R32']
Karim Mohamed Maamoun,2017,Karshi CH,"['R32', 'R16']"
Karim Mohamed Maamoun,2017,Samarkand CH,"['R32', 'R16']"
Karim Mohamed Maamoun,2017,Segovia CH,['R16']
Karim Mohamed Maamoun,2017,Meerbusch CH,"['R16', 'QF', 'SF']"
Karim Mohamed Maamoun,2017,Alphen Aan Den Rijn CH,['R32']
Karim Mohamed Maamoun,2017,Istanbul CH,"['R16', 'QF', 'SF']"
Karim Mohamed Maamoun,2017,Izmir CH,"['R32', 'R16']"
Karim Mohamed Maamoun,2017,Eckental CH,['R32']
Karim Mohamed Maamoun,2017,Pune CH,['R32']
Karim Mohamed Maamoun,2018,Koblenz CH,['R32']
Karim Mohamed Maamoun,2018,Chennai CH,['R32']
Karim Mohamed Maamoun,2018,Gwangju CH,['R16']
Karim Mohamed Maamoun,2019,Zhuhai CH,['R64']
Karim Mohamed Maamoun,2019,Shenzhen CH,['R64']
Karim Mohamed Maamoun,2019,Zhangjiagang CH,"['R64', 'R32']"
Karim Mohamed Maamoun,2019,Sophia Antipolis CH,['R64']
Karim Mohamed Maamoun,2019,Barletta CH,"['R64', 'R32']"
Karim Mohamed Maamoun,2019,Bordeaux CH,['R64']
Karim Mohamed Maamoun,2019,Shymkent CH,"['R64', 'R32']"
Karim Mohamed Maamoun,2019,Samarkand CH,"['R32', 'R16']"
Karim Mohamed Maamoun,2019,Prostejov CH,"['R64', 'R32']"
Karim Mohamed Maamoun,2019,Fergana CH,['R64']
Karim Mohamed Maamoun,2019,Braunschweig CH,['R64']
Karim Mohamed Maamoun,2019,Amersfoort CH,"['R64', 'R32']"
Karim Mohamed Maamoun,2019,Prague CH,['R64']
Karim Mohamed Maamoun,2019,Liberec CH,"['R64', 'R32']"
Karim Mohamed Maamoun,2019,Meerbusch CH,"['R64', 'R32']"
Karim Mohamed Maamoun,2019,Davis Cup G2 R1,['RR']
Karim Mohamed Maamoun,2020,Rennes CH,['R64']
Karim Mohamed Maamoun,2020,Davis Cup WG II,['RR']
Jose Rubin Statham,2014,Auckland,['R32']
Daniel Cox,2014,Rimouski CH,['R32']
Kacper Zuk,2021,Split CH,['F']
Tomasz Berkieta,2024,Roland Garros Juniors,['F']
Arklon Huertas Del Pino,2022,Buenos Aires CH,['R16']
Steve Johnson,2014,Halle,['QF']
Steve Johnson,2015,Delray Beach,"['R32', 'QF']"
Steve Johnson,2015,Rome Masters,['R64']
Steve Johnson,2015,Washington,"['R32', 'R16']"
Steve Johnson,2015,Vienna,"['SF', 'F']"
Steve Johnson,2015,Valencia,"['QF', 'SF']"
Steve Johnson,2016,Auckland,['R32']
Steve Johnson,2016,Miami Masters,['R32']
Steve Johnson,2017,Auckland,['QF']
Steve Johnson,2017,Indian Wells Masters,['R32']
Steve Johnson,2017,Houston,['F']
Steve Johnson,2017,Tokyo,['QF']
Steve Johnson,2018,Brisbane,['R32']
Steve Johnson,2018,Houston,['F']
Steve Johnson,2018,Newport,['F']
Steve Johnson,2018,Winston Salem,['F']
Steve Johnson,2019,Indian Wells Masters,['R128']
Steve Johnson,2019,Houston,['R16']
Steve Johnson,2019,Rome Masters,['R64']
Steve Johnson,2019,Wimbledon,['R32']
Steve Johnson,2020,Australian Open,['R128']
Steve Johnson,2021,Washington,['QF']
Steve Johnson,2022,Australian Open,['R64']
Steve Johnson,2022,Indian Wells Masters,['R32']
Steve Johnson,2022,Roland Garros,['R64']
Steve Johnson,2022,Newport,['QF']
Steve Johnson,2022,US Open,['R128']
Steve Johnson,2022,Tokyo,['R32']
Noah Rubin,2015,Charlottesville CH,['SF']
Noah Rubin,2016,Indian Wells Masters,['R128']
Noah Rubin,2016,Charlottesville CH,['R32']
Noah Rubin,2019,Noumea CH,['F']
Alexander Cozbinov,2020,ATP Cup,['RR']
Fitriadi M Rifqi,2023,Davis Cup WG2,['PO']
Aldin Setkic,2016,Eckental CH,['R32']
Henri Laaksonen,2015,Charlottesville CH,['SF']
Henri Laaksonen,2018,Bastad,['R16']
Henri Laaksonen,2019,Australian Open,['R128']
Henri Laaksonen,2022,Australian Open,['R128']
Nikola Milojevic,2016,Karshi CH,['R32']
Nikola Milojevic,2017,Samarkand CH,['R16']
Nikola Milojevic,2019,Barletta CH,"['R32', 'F']"
Emilio Gomez,2016,Canada Masters,['R64']
Emilio Gomez,2020,Columbus CH,['R16']
Emilio Gomez,2022,Seoul,['R32']
Younes Lalami Laaroussi,2023,Marrakech,['R32']
Lucas Miedler,2018,Winnipeg CH,['F']
Daniil Ostapenkov,2021,Davis Cup Group I,['RR']
Tatsuma Ito,2014,Tokyo,['R32']
Patrick Kaukovalta,2023,Davis Cup Finals,['QF']
John Millman,2014,Shanghai CH,['R32']
John Millman,2015,Shenzhen,['R16']
John Millman,2016,Miami Masters,"['R128', 'R64']"
John Millman,2016,Stuttgart,['R16']
John Millman,2018,Kyoto CH,['F']
John Millman,2018,Budapest,"['SF', 'F']"
John Millman,2018,US Open,"['R16', 'QF']"
John Millman,2019,Brisbane,['R16']
John Millman,2019,Sydney,"['R16', 'QF']"
John Millman,2019,Tokyo,"['SF', 'F']"
John Millman,2020,Australian Open,['R32']
John Millman,2020,US Open,['R128']
John Millman,2020,Nur Sultan,['F']
John Millman,2021,Rotterdam,['R16']
John Millman,2021,Madrid Masters,['R64']
John Millman,2021,St Petersburg,"['R16', 'QF']"
John Millman,2022,Australian Open,['R128']
John Millman,2022,US Open,['R128']
John Millman,2023,Australian Open,"['R128', 'R64']"
John Millman,2024,Australian Open,"['Q1', 'Q2']"
Akira Santillan,2017,Burnie CH,['SF']
Akira Santillan,2017,Sao Paulo,['R32']
Akira Santillan,2018,Gwangju CH,['R16']
Teymuraz Gabashvili,2013,CH Tour Finals,"['RR', 'SF']"
Teymuraz Gabashvili,2014,Monte Carlo Masters,['R32']
Teymuraz Gabashvili,2015,Barcelona,['R64']
Teymuraz Gabashvili,2015,Washington,['R16']
Teymuraz Gabashvili,2015,St Petersburg,"['R32', 'R16']"
Teymuraz Gabashvili,2015,Paris Masters,['R64']
Teymuraz Gabashvili,2016,Sydney,['SF']
Teymuraz Gabashvili,2016,Rotterdam,['R32']
Teymuraz Gabashvili,2016,Istanbul,['R32']
Teymuraz Gabashvili,2017,Moscow,['R32']
Aleksandre Metreveli,2022,ATP Cup,['RR']
Robin Haase,2012,Kitzbuhel,['F']
Robin Haase,2013,Madrid Masters,['R32']
Robin Haase,2014,Brisbane,['R32']
Robin Haase,2014,Halle,['R16']
Robin Haase,2015,Casablanca,['R32']
Robin Haase,2015,s Hertogenbosch,['SF']
Robin Haase,2016,Doha,['R16']
Robin Haase,2016,Auckland,['R16']
Robin Haase,2016,Gstaad,"['QF', 'F']"
Robin Haase,2016,Scheveningen CH,['QF']
Robin Haase,2016,Sibiu CH,['F']
Robin Haase,2017,Monte Carlo Masters,['R32']
Robin Haase,2017,Canada Masters,['SF']
Robin Haase,2018,Cincinnati Masters,['R32']
Robin Haase,2018,Davis Cup World Group PO,['RR']
Robin Haase,2018,Tokyo,['R32']
Robin Haase,2018,Basel,['R32']
Robin Haase,2019,Davis Cup Qualifiers,"['RR', 'RR']"
Robin Haase,2019,Rotterdam,['R32']
Robin Haase,2019,Dubai,['R32']
Robin Haase,2019,Indian Wells Masters,"['R128', 'R64']"
Robin Haase,2019,Miami Masters,"['R128', 'R64', 'R32']"
Robin Haase,2019,Sophia Antipolis CH,['R32']
Robin Haase,2019,Marrakech,"['R32', 'R16']"
Robin Haase,2019,Budapest,['R16']
Robin Haase,2019,Roland Garros,['R128']
Robin Haase,2019,Wimbledon,"['R128', 'R64']"
Robin Haase,2019,Umag,['R32']
Robin Haase,2019,Hamburg,['R32']
Robin Haase,2019,Winston Salem,"['R64', 'R32']"
Robin Haase,2019,US Open,['R128']
Robin Haase,2019,Sibiu CH,['R32']
Robin Haase,2019,Florence CH,['R16']
Robin Haase,2019,Ismaning CH,['R32']
Robin Haase,2019,Hamburg CH,['R32']
Robin Haase,2019,Davis Cup Finals,"['RR', 'RR']"
Robin Haase,2020,Bangkok CH,['F']
Robin Haase,2020,Rotterdam,['R32']
Robin Haase,2020,Davis Cup Qualifiers,"['RR', 'RR']"
Robin Haase,2021,Australian Open,['R128']
Robin Haase,2021,Rotterdam,['R32']
Robin Haase,2021,Roland Garros,['Q1']
Robin Haase,2022,Australian Open,['Q1']
Robin Haase,2022,Davis Cup Qualifiers,['RR']
Robin Haase,2022,Shymkent CH,['F']
Robin Haase,2024,Olympics,['R64']
Fernando Romboli,2015,Corrientes CH,['R32']
Fernando Romboli,2016,Puebla CH,['Q3']
Jonathan Eysseric,2017,Australian Open,['Q2']
Lucas Catarina,2021,Monte Carlo Masters,['R64']
Lucas Catarina,2024,Monte Carlo Masters,['Q1']
Zhe Li,2017,Bangkok CH,['F']
Zhe Li,2019,Bangkok CH,['R32']
Gleb Sakharov,2017,Roland Garros,['Q2']
Gleb Sakharov,2018,Ismaning CH,['F']
Darian King,2015,Tiburon CH,['R32']
Mats Moraing,2018,Bangkok CH,['F']
Christian Harrison,2021,Delray Beach,['SF']
Christian Harrison,2021,Orlando CH,['R16']
Thiemo De Bakker,2013,Rotterdam,['R16']
Thiemo De Bakker,2014,Miami Masters,['R32']
Thiemo De Bakker,2016,Rotterdam,['R32']
Thiemo De Bakker,2019,Bangkok CH,['R32']
Thiemo De Bakker,2019,Barletta CH,['R64']
Johan Sebastien Tatlot,2018,Lyon CH,['F']
Johan Sebastien Tatlot,2019,Meerbusch CH,['R64']
Hyeon Chung,2015,Launceston CH,['F']
Hyeon Chung,2015,Kaohsiung CH,['R32']
Hyeon Chung,2015,Shenzhen,['QF']
Hyeon Chung,2016,Sofia,['R32']
Hyeon Chung,2016,Toyota CH,['R16']
Hyeon Chung,2017,Barcelona,['QF']
Hyeon Chung,2017,Roland Garros,['R128']
Hyeon Chung,2017,Canada Masters,['R32']
Hyeon Chung,2017,Winston Salem,['QF']
Hyeon Chung,2017,Paris Masters,['R32']
Hyeon Chung,2017,NextGen Finals,['F']
Hyeon Chung,2018,Australian Open,"['R32', 'QF', 'SF']"
Hyeon Chung,2018,Indian Wells Masters,['QF']
Hyeon Chung,2018,Munich,['SF']
Hyeon Chung,2018,Washington,['R16']
Hyeon Chung,2018,Cincinnati Masters,['R32']
Hyeon Chung,2018,Shanghai Masters,['R64']
Hyeon Chung,2019,Pune,['R16']
Hyeon Chung,2019,Rotterdam,['R32']
Joao Menezes,2019,US Open,['Q3']
Joao Menezes,2021,Olympics,['R64']
Alvaro Lopez San Martin,2023,Lyon,['R32']
Sho Katayama,2015,Toyota CH,['R32']
Hunter Reese,2015,Knoxville CH,['R32']
Kevin King,2017,Monterrey CH,['SF']
Kevin King,2019,Monterrey CH,"['R64', 'R32']"
Kevin King,2019,San Luis Potosi CH,"['R64', 'R32']"
Kevin King,2019,Leon CH,['R64']
Kevin King,2019,Puerto Vallarta CH,"['R64', 'R32']"
Kevin King,2019,Busan CH,['R64']
Kevin King,2019,Gwangju CH,['R64']
Francisco Llanes,2021,Davis Cup Group I,['RR']
Inigo Cervantes Huegun,2015,Szczecin CH,['R32']
Inigo Cervantes Huegun,2015,Montevideo CH,"['SF', 'F']"
Inigo Cervantes Huegun,2015,Challenger Tour Finals,"['RR', 'F']"
Inigo Cervantes Huegun,2016,Rio de Janeiro,['R16']
Inigo Cervantes Huegun,2016,Sao Paolo,['R16']
Inigo Cervantes Huegun,2016,Indian Wells Masters,['R64']
Inigo Cervantes Huegun,2016,Hamburg,['R16']
Inigo Cervantes Huegun,2016,Seville CH,['QF']
Gonzalo Lama,2014,Cali CH,['R32']
Marsel Ilhan,2014,Mouilleron CH,['QF']
Marsel Ilhan,2015,Dubai,['QF']
Albano Olivetti,2016,Wroclaw CH,['QF']
Lukas Rosol,2012,Wimbledon,['R64']
Lukas Rosol,2013,Miami Masters,['R64']
Lukas Rosol,2013,Paris Masters,['R32']
Lukas Rosol,2013,Doha,['R32']
Lukas Rosol,2014,Bucharest,['F']
Lukas Rosol,2014,Wimbledon,['R64']
Lukas Rosol,2014,Stuttgart,['R32']
Lukas Rosol,2015,Bucharest,['QF']
Lukas Rosol,2015,Munich,['QF']
Lukas Rosol,2015,Geneva,['R16']
Lukas Rosol,2015,Vienna,"['R16', 'QF']"
Lukas Rosol,2016,Auckland,['QF']
Lukas Rosol,2016,Australian Open,['R32']
Lukas Rosol,2018,Moscow,['R16']
Lukas Rosol,2019,Davis Cup Qualifiers,['RR']
Jan Kumstat,2024,Australian Open Juniors,['F']
